run_id,feature_name,source,feature_group,horizon,window_type,n_samples,pearson_corr,spearman_corr,information_coefficient,ic_t_stat,ic_p_value,missing_pct,first_date,last_date,direction,notes
btc_research_20260427T104950Z,derivatives_sum_open_interest_value,binance_derivatives,derivatives_only,90,official_quarterly,22,-0.395212281521861,-0.5031055900621118,-0.5031055900621118,-2.603438603459561,0.009229379671507365,0.33333333333333337,2020-09-02,2026-04-27,negative,research_only_not_used_for_model_selection
btc_research_20260427T104950Z,derivatives_sum_open_interest_z_90d,binance_derivatives,derivatives_only,90,official_quarterly,21,-0.47703391761504443,-0.4948051948051948,-0.4948051948051948,-2.4819287719837857,0.013067339286928539,0.36363636363636365,2020-10-01,2026-04-27,negative,research_only_not_used_for_model_selection
btc_research_20260427T104950Z,volatility_intraday_range,price,price_momentum_only,90,official_quarterly,33,-0.4631646262639727,-0.4378342245989305,-0.4378342245989305,-2.7114646313121695,0.006698668705994486,0.0,2015-01-01,2026-04-27,negative,research_only_not_used_for_model_selection
btc_research_20260427T104950Z,onchain_supply_z_365d,coinmetrics_onchain,onchain_only,90,official_quarterly,33,-0.42311941125098185,-0.4331550802139038,-0.4331550802139038,-2.675750012632757,0.007456223775940511,0.0,2015-05-03,2026-04-27,negative,research_only_not_used_for_model_selection
btc_research_20260427T104950Z,macro_vix_ret_30d,fred_macro_daily,risk_assets_only,90,official_quarterly,33,0.39863419180564935,0.4294786096256685,0.4294786096256685,2.647875668691088,0.008099930876143477,0.0,2015-02-02,2026-04-27,positive,research_only_not_used_for_model_selection
btc_research_20260427T104950Z,cycle_cos_4y,price,price_momentum_only,90,official_quarterly,33,0.4080833432906314,0.40942513368983957,0.40942513368983957,2.498600717529763,0.012468470623522163,0.0,2015-01-01,2026-04-27,positive,research_only_not_used_for_model_selection
btc_research_20260427T104950Z,cross_asset_tlt_ret_30d,price,risk_assets_only,90,official_quarterly,33,0.3553760612462611,0.39538770053475936,0.39538770053475936,2.3967242396438206,0.016542368065200645,0.0,2015-02-02,2026-04-27,positive,research_only_not_used_for_model_selection
btc_research_20260427T104950Z,macro_us_10y_2y_spread_chg_7d,fred_macro_daily,dollar_rates_only,90,official_quarterly,33,0.34930024771261226,0.3934454314776088,0.3934454314776088,2.3827881502271624,0.0171820790886486,0.0,2015-01-12,2026-04-27,positive,research_only_not_used_for_model_selection
btc_research_20260427T104950Z,macro_us_10y_yield_chg_30d,fred_macro_daily,dollar_rates_only,90,official_quarterly,33,-0.35233694176645464,-0.3783332270597693,-0.3783332270597693,-2.2756181608926433,0.02286887340631425,0.0,2015-02-04,2026-04-27,negative,research_only_not_used_for_model_selection
btc_research_20260427T104950Z,cross_asset_spx_z_365d,price,risk_assets_only,90,official_quarterly,33,-0.18797753209246923,-0.34792780748663105,-0.34792780748663105,-2.066278375915602,0.038802202022680504,0.0,2015-05-02,2026-04-27,negative,research_only_not_used_for_model_selection
btc_research_20260427T104950Z,cross_asset_nasdaq_ret_1d,price,risk_assets_only,90,official_quarterly,33,0.24818794429954844,0.32625500428469756,0.32625500428469756,1.9216608163144555,0.054648450727874845,0.0,2015-01-04,2026-04-27,positive,research_only_not_used_for_model_selection
btc_research_20260427T104950Z,derivatives_sum_open_interest_value_chg_7d,binance_derivatives,derivatives_only,90,official_quarterly,22,-0.3129873001542682,-0.3201581027667985,-0.3201581027667985,-1.511341333049088,0.13070150820160945,0.33333333333333337,2020-09-09,2026-04-27,negative,research_only_not_used_for_model_selection
btc_research_20260427T104950Z,cross_asset_spx_ret_30d,price,risk_assets_only,90,official_quarterly,33,-0.27243961006616507,-0.31818181818181823,-0.31818181818181823,-1.8686770783066045,0.06166775489724486,0.0,2015-02-02,2026-04-27,negative,research_only_not_used_for_model_selection
btc_research_20260427T104950Z,derivatives_sum_open_interest_chg_7d,binance_derivatives,derivatives_only,90,official_quarterly,22,-0.28875623630803104,-0.3167701863354037,-0.3167701863354037,-1.493553902276428,0.13529225573532835,0.33333333333333337,2020-09-09,2026-04-27,negative,research_only_not_used_for_model_selection
btc_research_20260427T104950Z,macro_fed_funds_rate_chg_7d,fred_macro_daily,dollar_rates_only,90,official_quarterly,33,-0.18024503272549186,-0.3141368916365474,-0.3141368916365474,-1.8423017457975404,0.06543102455951805,0.0,2015-01-11,2026-04-27,negative,research_only_not_used_for_model_selection
btc_research_20260427T104950Z,cross_asset_nasdaq_ret_7d,price,risk_assets_only,90,official_quarterly,33,0.15220982327897825,0.3098262032085562,0.3098262032085562,1.8143159615868545,0.06962909556652978,0.0,2015-01-10,2026-04-27,positive,research_only_not_used_for_model_selection
btc_research_20260427T104950Z,macro_us_10y_breakeven_chg_30d,fred_macro_daily,dollar_rates_only,90,official_quarterly,33,-0.3689708477573055,-0.29922212517011443,-0.29922212517011443,-1.7459936314607054,0.08081205847729124,0.0,2015-02-04,2026-04-27,negative,research_only_not_used_for_model_selection
btc_research_20260427T104950Z,onchain_mvrv,coinmetrics_onchain,onchain_only,90,official_quarterly,33,-0.26683557800467356,-0.2697192513368984,-0.2697192513368984,-1.559531007984225,0.11887075139440179,0.0,2015-01-04,2026-04-27,negative,research_only_not_used_for_model_selection
btc_research_20260427T104950Z,derivatives_taker_buy_sell_ratio,binance_derivatives,derivatives_only,90,official_quarterly,22,0.31260091012188673,0.2682100508187465,0.2682100508187465,1.2450913923174045,0.21309815780754088,0.33333333333333337,2020-09-02,2026-04-27,positive,research_only_not_used_for_model_selection
btc_research_20260427T104950Z,volatility_realized_14d,price,price_momentum_only,90,official_quarterly,33,-0.28924464704971775,-0.2657085561497326,-0.2657085561497326,-1.5345650207144053,0.12489071035562609,0.0,2015-01-08,2026-04-27,negative,research_only_not_used_for_model_selection
btc_research_20260427T104950Z,macro_dxy_ret_7d,fred_macro_daily,dollar_rates_only,90,official_quarterly,33,-0.13356278666796387,-0.2556818181818182,-0.2556818181818182,-1.4725212676328185,0.14088016820349702,0.0,2015-01-10,2026-04-27,negative,research_only_not_used_for_model_selection
btc_research_20260427T104950Z,onchain_hash_rate_z_365d,coinmetrics_onchain,onchain_only,90,official_quarterly,33,-0.15959798326948632,-0.24933155080213906,-0.24933155080213906,-1.4334915917560085,0.1517174001094217,0.0,2015-05-03,2026-04-27,negative,research_only_not_used_for_model_selection
btc_research_20260427T104950Z,macro_us_10y_breakeven,fred_macro_daily,dollar_rates_only,90,official_quarterly,33,-0.3415539830045359,-0.245567202979755,-0.245567202979755,-1.4104488738317502,0.15840718272407806,0.0,2015-01-05,2026-04-27,negative,research_only_not_used_for_model_selection
btc_research_20260427T104950Z,cross_asset_tlt_z_365d,price,risk_assets_only,90,official_quarterly,33,0.30308440669533376,0.24398395721925137,0.24398395721925137,1.4007777098862355,0.16128055616855358,0.0,2015-05-02,2026-04-27,positive,research_only_not_used_for_model_selection
btc_research_20260427T104950Z,onchain_hash_rate_chg_30d,coinmetrics_onchain,onchain_only,90,official_quarterly,33,-0.19307415556985869,-0.24298128342245992,-0.24298128342245992,-1.394659101681131,0.1631186634984177,0.0,2015-02-03,2026-04-27,negative,research_only_not_used_for_model_selection
btc_research_20260427T104950Z,derivatives_sum_open_interest,binance_derivatives,derivatives_only,90,official_quarterly,22,-0.24760334085842572,-0.24110671936758896,-0.24110671936758896,-1.1110392315745043,0.2665514629091378,0.33333333333333337,2020-09-02,2026-04-27,negative,research_only_not_used_for_model_selection
btc_research_20260427T104950Z,cross_asset_spx_ret_1d,price,risk_assets_only,90,official_quarterly,33,0.18140944636878267,0.23210319015179856,0.23210319015179856,1.3285777773906555,0.18398730770271277,0.0,2015-01-04,2026-04-27,positive,research_only_not_used_for_model_selection
btc_research_20260427T104950Z,volatility_realized_90d,price,price_momentum_only,90,official_quarterly,33,-0.2626351358151309,-0.22827540106951874,-0.22827540106951874,-1.3054520135160819,0.19173897699075154,0.0,2015-02-15,2026-04-27,negative,research_only_not_used_for_model_selection
btc_research_20260427T104950Z,macro_vix_ret_1d,fred_macro_daily,risk_assets_only,90,official_quarterly,33,-0.17456404524598176,-0.22693001355108985,-0.22693001355108985,-1.2973390317011118,0.1945145601384833,0.0,2015-01-04,2026-04-27,negative,research_only_not_used_for_model_selection
btc_research_20260427T104950Z,volume_z_30d,price,price_momentum_only,90,official_quarterly,33,-0.19531245372066533,-0.22292780748663105,-0.22292780748663105,-1.2732509165560757,0.20292901795773727,0.0,2015-01-15,2026-04-27,negative,research_only_not_used_for_model_selection
btc_research_20260427T104950Z,macro_us_10y_2y_spread_chg_30d,fred_macro_daily,dollar_rates_only,90,official_quarterly,33,0.2565199326231555,0.2191002605890907,0.2191002605890907,1.2502774260875436,0.2111982216627104,0.0,2015-02-04,2026-04-27,positive,research_only_not_used_for_model_selection
btc_research_20260427T104950Z,derivatives_long_short_ratio_chg_7d,binance_derivatives,derivatives_only,90,official_quarterly,22,0.22650030199729748,0.20722755505364204,0.20722755505364204,0.9473133502478833,0.3434791299861422,0.33333333333333337,2020-09-09,2026-04-27,positive,research_only_not_used_for_model_selection
btc_research_20260427T104950Z,volatility_realized_30d,price,price_momentum_only,90,official_quarterly,33,-0.18545675426471814,-0.20721925133689842,-0.20721925133689842,-1.179346230457541,0.23826033651527578,0.0,2015-01-16,2026-04-27,negative,research_only_not_used_for_model_selection
btc_research_20260427T104950Z,trend_dist_ath,price,price_momentum_only,90,official_quarterly,33,-0.18258032959580242,-0.205548128342246,-0.205548128342246,-1.1694140318993067,0.2422368591153833,0.0,2015-01-01,2026-04-27,negative,research_only_not_used_for_model_selection
btc_research_20260427T104950Z,momentum_ret_180d,price,price_momentum_only,90,official_quarterly,33,-0.224784032437718,-0.20153743315508021,-0.20153743315508021,-1.145620131811457,0.2519523636514813,0.0,2015-06-30,2026-04-27,negative,research_only_not_used_for_model_selection
btc_research_20260427T104950Z,macro_dxy_z_365d,fred_macro_daily,dollar_rates_only,90,official_quarterly,33,-0.20515582076142014,-0.19953208556149735,-0.19953208556149735,-1.1337457968469546,0.25690119332480665,0.0,2015-05-02,2026-04-27,negative,research_only_not_used_for_model_selection
btc_research_20260427T104950Z,volume_log,price,price_momentum_only,90,official_quarterly,33,-0.21858598124201728,-0.19786096256684493,-0.19786096256684493,-1.1238618581438184,0.2610716344242667,0.0,2015-01-01,2026-04-27,negative,research_only_not_used_for_model_selection
btc_research_20260427T104950Z,onchain_fees_btc_z_365d,coinmetrics_onchain,onchain_only,90,official_quarterly,33,0.09473838859234304,0.19552139037433156,0.19552139037433156,1.1100414544224135,0.26698116350917894,0.0,2015-05-03,2026-04-27,positive,research_only_not_used_for_model_selection
btc_research_20260427T104950Z,macro_vix_ret_7d,fred_macro_daily,risk_assets_only,90,official_quarterly,33,-0.12275630401677218,-0.1928475935828877,-0.1928475935828877,-1.0942708203542775,0.2738362189766621,0.0,2015-01-10,2026-04-27,negative,research_only_not_used_for_model_selection
btc_research_20260427T104950Z,trend_log_price,price,price_momentum_only,90,official_quarterly,33,-0.18611265755248357,-0.19084224598930483,-0.19084224598930483,-1.082459482493324,0.27904840981845724,0.0,2015-01-01,2026-04-27,negative,research_only_not_used_for_model_selection
btc_research_20260427T104950Z,momentum_ret_60d,price,price_momentum_only,90,official_quarterly,33,-0.14620256265669154,-0.1895053475935829,-0.1895053475935829,-1.0745930819804987,0.28255695048716223,0.0,2015-03-02,2026-04-27,negative,research_only_not_used_for_model_selection
btc_research_20260427T104950Z,macro_trade_weighted_usd,fred_macro_daily,dollar_rates_only,90,official_quarterly,33,0.15570886166319106,0.188168449197861,0.188168449197861,1.0667328805883125,0.28609247492015694,0.0,2015-01-05,2026-04-27,positive,research_only_not_used_for_model_selection
btc_research_20260427T104950Z,cross_asset_tlt_ret_7d,price,risk_assets_only,90,official_quarterly,33,-0.12609166707535505,-0.1861631016042781,-0.1861631016042781,-1.054954088623059,0.29144632287404154,0.0,2015-01-10,2026-04-27,negative,research_only_not_used_for_model_selection
btc_research_20260427T104950Z,onchain_roi_1y,coinmetrics_onchain,onchain_only,90,official_quarterly,33,-0.3571007073944633,-0.18449197860962568,-0.18449197860962568,-1.0451488688639314,0.2959541708693875,0.0,2015-01-04,2026-04-27,negative,research_only_not_used_for_model_selection
btc_research_20260427T104950Z,volume_z_90d,price,price_momentum_only,90,official_quarterly,33,-0.14281070330592552,-0.1821524064171123,-0.1821524064171123,-1.031437304295162,0.3023357947888013,0.0,2015-01-30,2026-04-27,negative,research_only_not_used_for_model_selection
btc_research_20260427T104950Z,onchain_tx_count_z_365d,coinmetrics_onchain,onchain_only,90,official_quarterly,33,-0.03229654907960865,-0.18148395721925137,-0.18148395721925137,-1.0275230544270106,0.30417423531514665,0.0,2015-05-03,2026-04-27,negative,research_only_not_used_for_model_selection
btc_research_20260427T104950Z,volatility_realized_7d,price,price_momentum_only,90,official_quarterly,33,-0.27696183439768224,-0.1768048128342246,-0.1768048128342246,-1.0001641889406063,0.3172310565521297,0.0,2015-01-06,2026-04-27,negative,research_only_not_used_for_model_selection
btc_research_20260427T104950Z,onchain_fees_btc_log,coinmetrics_onchain,onchain_only,90,official_quarterly,33,0.08082331093504282,0.17279411764705885,0.17279411764705885,0.9767695317814994,0.3286832631432788,0.0,2015-01-04,2026-04-27,positive,research_only_not_used_for_model_selection
btc_research_20260427T104950Z,trend_dist_sma_10d,price,price_momentum_only,90,official_quarterly,33,0.22527949539962658,0.1677807486631016,0.1677807486631016,0.9475964830416533,0.34333491729077076,0.0,2015-01-05,2026-04-27,positive,research_only_not_used_for_model_selection
btc_research_20260427T104950Z,macro_dxy_ret_30d,fred_macro_daily,dollar_rates_only,90,official_quarterly,33,-0.10721945499978296,-0.16677807486631016,-0.16677807486631016,-0.9417710343057023,0.34630987798235024,0.0,2015-02-02,2026-04-27,negative,research_only_not_used_for_model_selection
btc_research_20260427T104950Z,derivatives_taker_buy_sell_ratio_chg_7d,binance_derivatives,derivatives_only,90,official_quarterly,22,0.21904547874814384,0.16544325239977417,0.16544325239977417,0.7502233113820006,0.45312022118476725,0.33333333333333337,2020-09-09,2026-04-27,positive,research_only_not_used_for_model_selection
btc_research_20260427T104950Z,momentum_ret_365d,price,price_momentum_only,90,official_quarterly,33,-0.25653521365728676,-0.16209893048128343,-0.16209893048128343,-0.9146250108611006,0.3603885239765486,0.0,2016-01-01,2026-04-27,negative,research_only_not_used_for_model_selection
btc_research_20260427T104950Z,macro_reverse_repo_chg_7d,fred_macro_daily,macro_liquidity_only,90,official_quarterly,33,0.10586589105861824,0.16209893048128343,0.16209893048128343,0.9146250108611006,0.3603885239765486,0.0,2015-01-12,2026-04-27,positive,research_only_not_used_for_model_selection
btc_research_20260427T104950Z,cross_asset_nasdaq_z_365d,price,risk_assets_only,90,official_quarterly,33,-0.07298974749722456,-0.1607620320855615,-0.1607620320855615,-0.9068807330471627,0.3644698708435189,0.0,2015-05-02,2026-04-27,negative,research_only_not_used_for_model_selection
btc_research_20260427T104950Z,derivatives_sum_open_interest_value_z_90d,binance_derivatives,derivatives_only,90,official_quarterly,21,-0.2065846258450488,-0.15714285714285717,-0.15714285714285717,-0.6935870413205849,0.48794122275024937,0.36363636363636365,2020-10-01,2026-04-27,negative,research_only_not_used_for_model_selection
btc_research_20260427T104950Z,macro_us_10y_yield,fred_macro_daily,dollar_rates_only,90,official_quarterly,33,-0.13862734821559458,-0.1536018741160833,-0.1536018741160833,-0.8654899685051362,0.38676991950595985,0.0,2015-01-05,2026-04-27,negative,research_only_not_used_for_model_selection
btc_research_20260427T104950Z,cross_asset_spx_ret_7d,price,risk_assets_only,90,official_quarterly,33,0.11995853371296938,0.1524064171122995,0.1524064171122995,0.8585931838405922,0.3905649999616162,0.0,2015-01-10,2026-04-27,positive,research_only_not_used_for_model_selection
btc_research_20260427T104950Z,trend_macd_signal_pct,price,price_momentum_only,90,official_quarterly,33,-0.06905687706220648,-0.15173796791443853,-0.15173796791443853,-0.8547384763942039,0.39269594470970953,0.0,2015-01-01,2026-04-27,negative,research_only_not_used_for_model_selection
btc_research_20260427T104950Z,onchain_spot_volume_usd_log,coinmetrics_onchain,onchain_only,90,official_quarterly,33,-0.15653762755131415,-0.15106951871657756,-0.15106951871657756,-0.8508849693427636,0.3948332551124079,0.0,2015-01-04,2026-04-27,negative,research_only_not_used_for_model_selection
btc_research_20260427T104950Z,cross_asset_eth_ret_30d,price,risk_assets_only,90,official_quarterly,33,-0.1470089115999993,-0.13970588235294118,-0.13970588235294118,-0.7855533190649869,0.43212922165927603,0.0,2017-12-10,2026-04-27,negative,research_only_not_used_for_model_selection
btc_research_20260427T104950Z,macro_fed_balance_sheet_ret_90d,fred_macro_monthly,macro_liquidity_only,90,official_quarterly,33,-0.0043306652859213075,-0.13636363636363638,-0.13636363636363638,-0.7663996483902062,0.44343854196300797,0.0,2015-05-14,2026-04-27,negative,research_only_not_used_for_model_selection
btc_research_20260427T104950Z,stablecoins_supply_z_365d,stablecoins,stablecoins_only,90,official_quarterly,32,-0.08351370350346889,-0.13636363636363635,-0.13636363636363635,-0.7539370349250518,0.45088703102517036,0.030303030303030276,2018-03-29,2026-04-27,negative,research_only_not_used_for_model_selection
btc_research_20260427T104950Z,onchain_supply_chg_30d,coinmetrics_onchain,onchain_only,90,official_quarterly,33,-0.133440260606274,-0.13569518716577542,-0.13569518716577542,-0.7625721371039026,0.44571860673395625,0.0,2015-02-03,2026-04-27,negative,research_only_not_used_for_model_selection
btc_research_20260427T104950Z,momentum_ret_30d,price,price_momentum_only,90,official_quarterly,33,0.0069230939535069504,-0.13201871657754014,-0.13201871657754014,-0.7415396359453815,0.45836630859450084,0.0,2015-01-31,2026-04-27,negative,research_only_not_used_for_model_selection
btc_research_20260427T104950Z,sentiment_fear_greed_chg_7d,manual_csv,price_momentum_only,90,official_quarterly,32,-0.22275466572717303,-0.13084980516279837,-0.13084980516279837,-0.7229093268327795,0.46973559301770673,0.030303030303030276,2018-02-10,2026-04-27,negative,research_only_not_used_for_model_selection
btc_research_20260427T104950Z,momentum_ret_14d,price,price_momentum_only,90,official_quarterly,33,0.25845157571155936,0.1290106951871658,0.1290106951871658,0.7243544346114797,0.46884816603797363,0.0,2015-01-15,2026-04-27,positive,research_only_not_used_for_model_selection
btc_research_20260427T104950Z,trend_dist_sma_100d,price,price_momentum_only,90,official_quarterly,33,-0.05274232923328543,-0.1270053475935829,-0.1270053475935829,-0.7129089619668048,0.475902093147874,0.0,2015-02-19,2026-04-27,negative,research_only_not_used_for_model_selection
btc_research_20260427T104950Z,trend_dist_sma_50d,price,price_momentum_only,90,official_quarterly,33,0.029224513236314326,-0.12232620320855615,-0.12232620320855615,-0.6862371504680131,0.49256357435496717,0.0,2015-01-25,2026-04-27,negative,research_only_not_used_for_model_selection
btc_research_20260427T104950Z,onchain_roi_30d,coinmetrics_onchain,onchain_only,90,official_quarterly,33,-0.10365443686760122,-0.11163101604278076,-0.11163101604278076,-0.6254443922577198,0.5316794342200162,0.0,2015-01-04,2026-04-27,negative,research_only_not_used_for_model_selection
btc_research_20260427T104950Z,macro_trade_weighted_usd_chg_7d,fred_macro_daily,dollar_rates_only,90,official_quarterly,33,0.10260108105360291,-0.10962566844919787,-0.10962566844919787,-0.6140709301079063,0.5391684569212873,0.0,2015-01-12,2026-04-27,negative,research_only_not_used_for_model_selection
btc_research_20260427T104950Z,macro_m2_money_supply_z_365d,fred_macro_monthly,macro_liquidity_only,90,official_quarterly,33,-0.1419764081312796,-0.10795454545454546,-0.10795454545454546,-0.604598848896968,0.545445571702263,0.0,2015-06-29,2026-04-27,negative,research_only_not_used_for_model_selection
btc_research_20260427T104950Z,trend_dist_sma_200d,price,price_momentum_only,90,official_quarterly,33,-0.16155381696707485,-0.10728609625668449,-0.10728609625668449,-0.6008114731064296,0.5479655615855807,0.0,2015-04-10,2026-04-27,negative,research_only_not_used_for_model_selection
btc_research_20260427T104950Z,macro_dxy_ret_1d,fred_macro_daily,dollar_rates_only,90,official_quarterly,33,-0.046416568575725715,-0.10725719485469445,-0.10725719485469445,-0.6006477388710617,0.548074634349042,0.0,2015-01-04,2026-04-27,negative,research_only_not_used_for_model_selection
btc_research_20260427T104950Z,momentum_ret_90d,price,price_momentum_only,90,official_quarterly,33,-0.07891229794822832,-0.10695187165775402,-0.10695187165775402,-0.5989180946397419,0.549227504405618,0.0,2015-04-01,2026-04-27,negative,research_only_not_used_for_model_selection
btc_research_20260427T104950Z,sentiment_fear_greed_chg_30d,manual_csv,price_momentum_only,90,official_quarterly,32,-0.22026766607764395,-0.10678905554089999,-0.10678905554089999,-0.5882716603756342,0.5563499644285366,0.030303030303030276,2018-03-05,2026-04-27,negative,research_only_not_used_for_model_selection
btc_research_20260427T104950Z,macro_m2_money_supply_ret_30d,fred_macro_monthly,macro_liquidity_only,90,official_quarterly,33,-0.006833661684328998,-0.10194702133028381,-0.10194702133028381,-0.5705898627398402,0.5682776917719635,0.0,2015-04-01,2026-04-27,negative,research_only_not_used_for_model_selection
btc_research_20260427T104950Z,cross_asset_tlt_ret_1d,price,risk_assets_only,90,official_quarterly,33,-0.1919681350029475,-0.10173913981393846,-0.10173913981393846,-0.569414183708946,0.5690750935091652,0.0,2015-01-04,2026-04-27,negative,research_only_not_used_for_model_selection
btc_research_20260427T104950Z,volatility_drawdown_90d,price,price_momentum_only,90,official_quarterly,33,0.14591631132077895,0.09425921316439355,0.09425921316439355,0.5271601690343776,0.5980823660913022,0.0,2015-01-30,2026-04-27,positive,research_only_not_used_for_model_selection
btc_research_20260427T104950Z,cross_asset_nasdaq_ret_30d,price,risk_assets_only,90,official_quarterly,33,-0.17050977293186434,-0.08957219251336898,-0.08957219251336898,-0.5007296280889659,0.6165614176952802,0.0,2015-02-02,2026-04-27,negative,research_only_not_used_for_model_selection
btc_research_20260427T104950Z,sentiment_extreme_fear,manual_csv,price_momentum_only,90,official_quarterly,32,-0.013933994165613653,-0.08844255121376376,-0.08844255121376376,-0.4863255774985651,0.6267363473605472,0.030303030303030276,2018-02-03,2026-04-27,negative,research_only_not_used_for_model_selection
btc_research_20260427T104950Z,trend_macd_pct,price,price_momentum_only,90,official_quarterly,33,0.010272725446576998,-0.08823529411764706,-0.08823529411764706,-0.49319696191607193,0.621873424330741,0.0,2015-01-01,2026-04-27,negative,research_only_not_used_for_model_selection
btc_research_20260427T104950Z,cycle_days_since_halving,price,price_momentum_only,90,official_quarterly,33,-0.026140682649540094,-0.0875668449197861,-0.0875668449197861,-0.4894316387741885,0.6245361412873915,0.0,2015-01-01,2026-04-27,negative,research_only_not_used_for_model_selection
btc_research_20260427T104950Z,cycle_progress,price,price_momentum_only,90,official_quarterly,33,-0.026140682649540076,-0.0875668449197861,-0.0875668449197861,-0.4894316387741885,0.6245361412873915,0.0,2015-01-01,2026-04-27,negative,research_only_not_used_for_model_selection
btc_research_20260427T104950Z,macro_us_10y_2y_spread,fred_macro_daily,dollar_rates_only,90,official_quarterly,33,-0.10627006015646316,-0.0872544950117969,-0.0872544950117969,-0.4876724243809857,0.6257818870382996,0.0,2015-01-05,2026-04-27,negative,research_only_not_used_for_model_selection
btc_research_20260427T104950Z,stablecoins_supply_chg_30d,stablecoins,stablecoins_only,90,official_quarterly,33,-0.2505889196407254,-0.08690565752745505,-0.08690565752745505,-0.4857078762766479,0.6271742985158908,0.0,2017-12-30,2026-04-27,negative,research_only_not_used_for_model_selection
btc_research_20260427T104950Z,macro_us_10y_yield_chg_7d,fred_macro_daily,dollar_rates_only,90,official_quarterly,33,-0.10378315187069036,-0.08641150045485863,-0.08641150045485863,-0.48292523978580654,0.6291488198223307,0.0,2015-01-12,2026-04-27,negative,research_only_not_used_for_model_selection
btc_research_20260427T104950Z,macro_reverse_repo_chg_30d,fred_macro_daily,macro_liquidity_only,90,official_quarterly,33,-0.05647877451203791,-0.08455882352941177,-0.08455882352941177,-0.47249585327210614,0.6365729008834529,0.0,2015-02-04,2026-04-27,negative,research_only_not_used_for_model_selection
btc_research_20260427T104950Z,macro_fed_funds_rate,fred_macro_daily,dollar_rates_only,90,official_quarterly,33,0.07659143201697009,0.08424776582138997,0.08424776582138997,0.47074528422336115,0.6378226420628921,0.0,2015-01-04,2026-04-27,positive,research_only_not_used_for_model_selection
btc_research_20260427T104950Z,onchain_exchange_net_outflow_z_365d,coinmetrics_onchain,onchain_only,90,official_quarterly,33,0.04568340748666021,0.08422459893048129,0.08422459893048129,0.47061491126036786,0.6379157573208396,0.0,2015-05-03,2026-04-27,positive,research_only_not_used_for_model_selection
btc_research_20260427T104950Z,onchain_exchange_net_outflow_to_volume,coinmetrics_onchain,onchain_only,90,official_quarterly,33,0.0489129854476656,0.07954545454545456,0.07954545454545456,0.44429822156026183,0.6568269868676151,0.0,2015-01-04,2026-04-27,positive,research_only_not_used_for_model_selection
btc_research_20260427T104950Z,derivatives_long_short_ratio,binance_derivatives,derivatives_only,90,official_quarterly,22,-0.10175068550990518,-0.07622811970638058,-0.07622811970638058,-0.3418972979284402,0.732428183179545,0.33333333333333337,2020-09-02,2026-04-27,negative,research_only_not_used_for_model_selection
btc_research_20260427T104950Z,onchain_fees_btc_chg_30d,coinmetrics_onchain,onchain_only,90,official_quarterly,33,0.041874111137245186,0.07553475935828878,0.07553475935828878,0.42176465150466746,0.6731968093164653,0.0,2015-02-03,2026-04-27,positive,research_only_not_used_for_model_selection
btc_research_20260427T104950Z,onchain_exchange_net_outflow_usd,coinmetrics_onchain,onchain_only,90,official_quarterly,33,0.025015914090741886,0.0752005347593583,0.0752005347593583,0.41988779881797067,0.6745674214348949,0.0,2015-01-04,2026-04-27,positive,research_only_not_used_for_model_selection
btc_research_20260427T104950Z,trend_dist_sma_20d,price,price_momentum_only,90,official_quarterly,33,0.26034993939512235,0.06784759358288771,0.06784759358288771,0.3786318962247888,0.7049612329104038,0.0,2015-01-10,2026-04-27,positive,research_only_not_used_for_model_selection
btc_research_20260427T104950Z,sentiment_extreme_greed,manual_csv,price_momentum_only,90,official_quarterly,32,0.2552575646483733,0.06594442300173889,0.06594442300173889,0.36198040383966607,0.7173666743407634,0.030303030303030276,2018-02-03,2026-04-27,positive,research_only_not_used_for_model_selection
btc_research_20260427T104950Z,onchain_exchange_supply_ratio,coinmetrics_onchain,onchain_only,90,official_quarterly,33,0.18344503152463246,0.06584224598930481,0.06584224598930481,0.3673913334602817,0.7133271352051108,0.0,2015-01-04,2026-04-27,positive,research_only_not_used_for_model_selection
btc_research_20260427T104950Z,onchain_tx_count_chg_30d,coinmetrics_onchain,onchain_only,90,official_quarterly,33,-0.12677414683727656,-0.06550802139037433,-0.06550802139037433,-0.3655183447713958,0.7147245155906854,0.0,2015-02-03,2026-04-27,negative,research_only_not_used_for_model_selection
btc_research_20260427T104950Z,macro_reverse_repo,fred_macro_daily,macro_liquidity_only,90,official_quarterly,33,-0.033245640448892624,-0.06483957219251336,-0.06483957219251336,-0.36177273739975707,0.7175218665576863,0.0,2015-01-05,2026-04-27,negative,research_only_not_used_for_model_selection
btc_research_20260427T104950Z,macro_fed_balance_sheet_ret_30d,fred_macro_monthly,macro_liquidity_only,90,official_quarterly,33,-0.029514657593607763,-0.05782085561497327,-0.05782085561497327,-0.32247240377231856,0.7470948406785505,0.0,2015-03-15,2026-04-27,negative,research_only_not_used_for_model_selection
btc_research_20260427T104950Z,onchain_active_addresses_chg_30d,coinmetrics_onchain,onchain_only,90,official_quarterly,33,-0.12763470883457184,-0.052807486631016046,-0.052807486631016046,-0.2944304576563308,0.7684289959560597,0.0,2015-02-03,2026-04-27,negative,research_only_not_used_for_model_selection
btc_research_20260427T104950Z,stablecoins_supply_log,stablecoins,stablecoins_only,90,official_quarterly,33,0.19612629362710352,-0.051804812834224605,-0.051804812834224605,-0.2888248162606397,0.7727154404192442,0.0,2017-11-30,2026-04-27,negative,research_only_not_used_for_model_selection
btc_research_20260427T104950Z,cross_asset_gold_ret_30d,price,risk_assets_only,90,official_quarterly,33,-0.07146817248678738,-0.05046791443850268,-0.05046791443850268,-0.2813519871354952,0.7784404399663644,0.0,2015-02-02,2026-04-27,negative,research_only_not_used_for_model_selection
btc_research_20260427T104950Z,onchain_supply_log,coinmetrics_onchain,onchain_only,90,official_quarterly,33,0.12332690860830536,0.046457219251336904,0.046457219251336904,0.25894243494207264,0.7956796561189745,0.0,2015-01-04,2026-04-27,positive,research_only_not_used_for_model_selection
btc_research_20260427T104950Z,macro_m2_money_supply_ret_90d,fred_macro_monthly,macro_liquidity_only,90,official_quarterly,33,0.05899766187368347,-0.045454545454545456,-0.045454545454545456,-0.253342050629139,0.8000039039989464,0.0,2015-05-31,2026-04-27,negative,research_only_not_used_for_model_selection
btc_research_20260427T104950Z,derivatives_taker_buy_sell_ratio_z_90d,binance_derivatives,derivatives_only,90,official_quarterly,21,-0.012046430830750871,0.045454545454545456,0.045454545454545456,0.1983367694606394,0.8427815851986102,0.36363636363636365,2020-10-01,2026-04-27,positive,research_only_not_used_for_model_selection
btc_research_20260427T104950Z,cycle_sin_4y,price,price_momentum_only,90,official_quarterly,33,-0.11901184458837842,-0.04044117647058824,-0.04044117647058824,-0.2253512963078477,0.8217059970650511,0.0,2015-01-01,2026-04-27,negative,research_only_not_used_for_model_selection
btc_research_20260427T104950Z,cycle_month_cos,price,price_momentum_only,90,official_quarterly,33,0.05977201272386761,0.039861841346568165,0.039861841346568165,0.22211787876535605,0.8242221202324056,0.0,2015-01-01,2026-04-27,positive,research_only_not_used_for_model_selection
btc_research_20260427T104950Z,cross_asset_gold_z_365d,price,risk_assets_only,90,official_quarterly,33,0.05220566627396053,-0.039104278074866314,-0.039104278074866314,-0.21789006233641559,0.8275147702407872,0.0,2015-05-02,2026-04-27,negative,research_only_not_used_for_model_selection
btc_research_20260427T104950Z,cycle_month_sin,price,price_momentum_only,90,official_quarterly,33,-0.055844320512042925,-0.03744597217404888,-0.03744597217404888,-0.20863667597532404,0.8347318772922567,0.0,2015-01-01,2026-04-27,negative,research_only_not_used_for_model_selection
btc_research_20260427T104950Z,onchain_spot_volume_usd_chg_30d,coinmetrics_onchain,onchain_only,90,official_quarterly,33,-0.03680927077396578,0.03743315508021391,0.03743315508021391,0.2085651631081132,0.8347877082698771,0.0,2015-02-03,2026-04-27,positive,research_only_not_used_for_model_selection
btc_research_20260427T104950Z,derivatives_long_short_ratio_z_90d,binance_derivatives,derivatives_only,90,official_quarterly,21,0.1853191136604856,0.03506493506493507,0.03506493506493507,0.1529385601072081,0.8784467270274853,0.36363636363636365,2020-10-01,2026-04-27,positive,research_only_not_used_for_model_selection
btc_research_20260427T104950Z,sentiment_fear_greed_z_365d,manual_csv,price_momentum_only,90,official_quarterly,31,0.08874079570766596,-0.03266129032258065,-0.03266129032258065,-0.17598032062015262,0.8603094030297802,0.06060606060606055,2018-06-02,2026-04-27,negative,research_only_not_used_for_model_selection
btc_research_20260427T104950Z,macro_fed_balance_sheet_z_365d,fred_macro_monthly,macro_liquidity_only,90,official_quarterly,33,0.013429602313219588,-0.03108288770053476,-0.03108288770053476,-0.1731458567257281,0.8625367807952268,0.0,2015-06-12,2026-04-27,negative,research_only_not_used_for_model_selection
btc_research_20260427T104950Z,momentum_ret_7d,price,price_momentum_only,90,official_quarterly,33,0.16732297431005713,0.030748663101604276,0.030748663101604276,0.17128230178973877,0.8640017959425796,0.0,2015-01-08,2026-04-27,positive,research_only_not_used_for_model_selection
btc_research_20260427T104950Z,macro_vix_z_365d,fred_macro_daily,risk_assets_only,90,official_quarterly,33,0.04257014331035872,0.029077540106951877,0.029077540106951877,0.16196537717908915,0.8713331188330292,0.0,2015-05-02,2026-04-27,positive,research_only_not_used_for_model_selection
btc_research_20260427T104950Z,stablecoins_supply_chg_90d,stablecoins,stablecoins_only,90,official_quarterly,32,-0.0563104428136551,0.028958944281524925,0.028958944281524925,0.15868122085959885,0.8739200342834494,0.030303030303030276,2018-02-28,2026-04-27,positive,research_only_not_used_for_model_selection
btc_research_20260427T104950Z,cross_asset_gold_ret_1d,price,risk_assets_only,90,official_quarterly,33,0.04654049596658603,0.027245396763732672,0.027245396763732672,0.1517522833521288,0.8793823185094605,0.0,2015-01-04,2026-04-27,positive,research_only_not_used_for_model_selection
btc_research_20260427T104950Z,volume_trend_30d,price,price_momentum_only,90,official_quarterly,33,-0.04184786968202958,0.026737967914438505,0.026737967914438505,0.14892394868134037,0.8816136436221034,0.0,2015-01-30,2026-04-27,positive,research_only_not_used_for_model_selection
btc_research_20260427T104950Z,sentiment_fear_greed,manual_csv,price_momentum_only,90,official_quarterly,32,0.028203626533714485,-0.02090592650876193,-0.02090592650876193,-0.11453150652128531,0.9088164721250505,0.030303030303030276,2018-02-03,2026-04-27,negative,research_only_not_used_for_model_selection
btc_research_20260427T104950Z,momentum_rsi_14d,price,price_momentum_only,90,official_quarterly,33,0.18246551439310468,0.019719251336898398,0.019719251336898398,0.10981349735855704,0.9125572864419171,0.0,2015-01-03,2026-04-27,positive,research_only_not_used_for_model_selection
btc_research_20260427T104950Z,macro_fed_funds_rate_chg_30d,fred_macro_daily,dollar_rates_only,90,official_quarterly,33,-0.18270822881174123,-0.017883172635096478,-0.017883172635096478,-0.099585216633075,0.9206736308942775,0.0,2015-02-03,2026-04-27,negative,research_only_not_used_for_model_selection
btc_research_20260427T104950Z,onchain_active_addresses_z_365d,coinmetrics_onchain,onchain_only,90,official_quarterly,33,0.06025354929960329,-0.017045454545454548,-0.017045454545454548,-0.0949188645885574,0.9243792723958812,0.0,2015-05-03,2026-04-27,negative,research_only_not_used_for_model_selection
btc_research_20260427T104950Z,macro_us_10y_breakeven_chg_7d,fred_macro_daily,dollar_rates_only,90,official_quarterly,33,-0.1820879924227126,-0.012392223415784548,-0.012392223415784548,-0.06900227835743909,0.9449878059570976,0.0,2015-01-12,2026-04-27,negative,research_only_not_used_for_model_selection
btc_research_20260427T104950Z,onchain_spot_volume_usd_z_365d,coinmetrics_onchain,onchain_only,90,official_quarterly,33,-0.12459855413151602,-0.012366310160427808,-0.012366310160427808,-0.06885796628607291,0.9451026771090639,0.0,2015-05-03,2026-04-27,negative,research_only_not_used_for_model_selection
btc_research_20260427T104950Z,cross_asset_eth_ret_7d,price,risk_assets_only,90,official_quarterly,33,0.1307711305486247,0.011029411764705883,0.011029411764705883,0.06141290125608318,0.9510303780375804,0.0,2017-11-17,2026-04-27,positive,research_only_not_used_for_model_selection
btc_research_20260427T104950Z,cross_asset_eth_z_365d,price,risk_assets_only,90,official_quarterly,32,0.048882709476048274,-0.01063049853372434,-0.01063049853372434,-0.05822892869022493,0.9535662780467173,0.030303030303030276,2018-03-09,2026-04-27,negative,research_only_not_used_for_model_selection
btc_research_20260427T104950Z,onchain_mvrv_z_365d,coinmetrics_onchain,onchain_only,90,official_quarterly,33,0.07847856854588885,-0.009358288770053477,-0.009358288770053477,-0.05210702846436749,0.958443412671496,0.0,2015-05-03,2026-04-27,negative,research_only_not_used_for_model_selection
btc_research_20260427T104950Z,volatility_drawdown_365d,price,price_momentum_only,90,official_quarterly,33,0.030171991083825175,-0.007352941176470589,-0.007352941176470589,-0.04094055059996084,0.967343289828365,0.0,2015-04-30,2026-04-27,negative,research_only_not_used_for_model_selection
btc_research_20260427T104950Z,cross_asset_gold_ret_7d,price,risk_assets_only,90,official_quarterly,33,-0.018013010235199352,0.0053475935828877,0.0053475935828877,0.029774566708770683,0.9762468425975969,0.0,2015-01-10,2026-04-27,positive,research_only_not_used_for_model_selection
btc_research_20260427T104950Z,cross_asset_eth_ret_1d,price,risk_assets_only,90,official_quarterly,33,0.12876543021569026,0.00501336898395722,0.00501336898395722,0.027913607957275408,0.9777310550926117,0.0,2017-11-11,2026-04-27,positive,research_only_not_used_for_model_selection
btc_research_20260427T104950Z,onchain_hash_rate_log,coinmetrics_onchain,onchain_only,90,official_quarterly,33,0.08443861914683558,-0.004344919786096257,-0.004344919786096257,-0.02419171789505152,0.980699684360861,0.0,2015-01-04,2026-04-27,negative,research_only_not_used_for_model_selection
btc_research_20260427T104950Z,onchain_active_addresses_log,coinmetrics_onchain,onchain_only,90,official_quarterly,33,-0.006230981460931202,0.001336898395721925,0.001336898395721925,0.007443541896339378,0.994060967686589,0.0,2015-01-04,2026-04-27,positive,research_only_not_used_for_model_selection
btc_research_20260427T104950Z,onchain_tx_count_log,coinmetrics_onchain,onchain_only,90,official_quarterly,33,0.03840448204630212,-0.001336898395721925,-0.001336898395721925,-0.007443541896339378,0.994060967686589,0.0,2015-01-04,2026-04-27,negative,research_only_not_used_for_model_selection
btc_research_20260427T104950Z,macro_trade_weighted_usd_chg_30d,fred_macro_daily,dollar_rates_only,90,official_quarterly,33,0.04603586495693542,-0.001002673796791444,-0.001002673796791444,-0.005582654239593537,0.9955457095110303,0.0,2015-02-04,2026-04-27,negative,research_only_not_used_for_model_selection
btc_research_20260427T104950Z,derivatives_sum_open_interest_value,binance_derivatives,derivatives_only,30,official_monthly,66,-0.24094483988898482,-0.36520196221688767,-0.36520196221688767,-3.138389553884584,0.0016987894185510736,0.33333333333333337,2020-09-02,2026-04-27,negative,research_only_not_used_for_model_selection
btc_research_20260427T104950Z,cycle_cos_4y,price,price_momentum_only,30,official_monthly,99,0.30433579776962233,0.30417815930785974,0.30417815930785974,3.144824432853189,0.0016618652979804571,0.0,2015-01-01,2026-04-27,positive,research_only_not_used_for_model_selection
btc_research_20260427T104950Z,onchain_supply_z_365d,coinmetrics_onchain,onchain_only,30,official_monthly,99,-0.2759258253508923,-0.25623995052566484,-0.25623995052566484,-2.610838361458649,0.009032057276080467,0.0,2015-05-03,2026-04-27,negative,research_only_not_used_for_model_selection
btc_research_20260427T104950Z,macro_vix_ret_30d,fred_macro_daily,risk_assets_only,30,official_monthly,99,0.049040400427968166,0.23261595547309832,0.23261595547309832,2.355619237269533,0.018491861286799083,0.0,2015-02-02,2026-04-27,positive,research_only_not_used_for_model_selection
btc_research_20260427T104950Z,derivatives_sum_open_interest_z_90d,binance_derivatives,derivatives_only,30,official_monthly,65,-0.21127689729236807,-0.21826923076923077,-0.21826923076923077,-1.7752623871387974,0.07585457282310214,0.3434343434343434,2020-10-01,2026-04-27,negative,research_only_not_used_for_model_selection
btc_research_20260427T104950Z,derivatives_sum_open_interest,binance_derivatives,derivatives_only,30,official_monthly,66,-0.23126082281261948,-0.2045924225028703,-0.2045924225028703,-1.6721090838911645,0.09450281369193118,0.33333333333333337,2020-09-02,2026-04-27,negative,research_only_not_used_for_model_selection
btc_research_20260427T104950Z,cross_asset_spx_ret_30d,price,risk_assets_only,30,official_monthly,99,-0.0880059289102955,-0.20205318491032775,-0.20205318491032775,-2.0319019779043086,0.0421635802750331,0.0,2015-02-02,2026-04-27,negative,research_only_not_used_for_model_selection
btc_research_20260427T104950Z,macro_reverse_repo_chg_7d,fred_macro_daily,macro_liquidity_only,30,official_monthly,99,0.14710387604863506,0.19670367058478236,0.19670367058478236,1.975909860227596,0.048164987239082135,0.0,2015-01-12,2026-04-27,positive,research_only_not_used_for_model_selection
btc_research_20260427T104950Z,macro_us_10y_breakeven,fred_macro_daily,dollar_rates_only,30,official_monthly,99,-0.20160034891186254,-0.18714181476404326,-0.18714181476404326,-1.8762815622891422,0.060616627442491744,0.0,2015-01-05,2026-04-27,negative,research_only_not_used_for_model_selection
btc_research_20260427T104950Z,macro_us_10y_2y_spread_chg_30d,fred_macro_daily,dollar_rates_only,30,official_monthly,99,0.2158817956714129,0.18568026909650592,0.18568026909650592,1.8611027405675729,0.06272966928310642,0.0,2015-02-04,2026-04-27,positive,research_only_not_used_for_model_selection
btc_research_20260427T104950Z,cross_asset_gold_ret_30d,price,risk_assets_only,30,official_monthly,99,-0.18532851366068392,-0.1749412492269635,-0.1749412492269635,-1.7499578069704607,0.0801255945993542,0.0,2015-02-02,2026-04-27,negative,research_only_not_used_for_model_selection
btc_research_20260427T104950Z,onchain_fees_btc_z_365d,coinmetrics_onchain,onchain_only,30,official_monthly,99,0.10877984941189386,0.16564007421150279,0.16564007421150279,1.6542164307222262,0.0980835455823322,0.0,2015-05-03,2026-04-27,positive,research_only_not_used_for_model_selection
btc_research_20260427T104950Z,derivatives_taker_buy_sell_ratio_z_90d,binance_derivatives,derivatives_only,30,official_monthly,64,-0.0780933591695344,-0.16414835164835165,-0.16414835164835165,-1.3102784711939388,0.1901016477715511,0.3535353535353535,2020-10-01,2026-04-27,negative,research_only_not_used_for_model_selection
btc_research_20260427T104950Z,macro_us_10y_yield_chg_30d,fred_macro_daily,dollar_rates_only,30,official_monthly,99,0.14879574577257312,0.1603859363057557,0.1603859363057557,1.6003356149148118,0.10952415001410186,0.0,2015-02-04,2026-04-27,positive,research_only_not_used_for_model_selection
btc_research_20260427T104950Z,derivatives_long_short_ratio,binance_derivatives,derivatives_only,30,official_monthly,66,-0.18045695366821968,-0.15954493267926106,-0.15954493267926106,-1.2929209150314855,0.19603841297213115,0.33333333333333337,2020-09-02,2026-04-27,negative,research_only_not_used_for_model_selection
btc_research_20260427T104950Z,macro_fed_funds_rate_chg_7d,fred_macro_daily,dollar_rates_only,30,official_monthly,99,-0.05117495653050572,-0.15222442902041045,-0.15222442902041045,-1.516914953236272,0.12928815775326433,0.0,2015-01-11,2026-04-27,negative,research_only_not_used_for_model_selection
btc_research_20260427T104950Z,onchain_hash_rate_z_365d,coinmetrics_onchain,onchain_only,30,official_monthly,99,-0.17620341844580478,-0.14716141001855287,-0.14716141001855287,-1.4653255465949973,0.1428321198299478,0.0,2015-05-03,2026-04-27,negative,research_only_not_used_for_model_selection
btc_research_20260427T104950Z,macro_dxy_z_365d,fred_macro_daily,dollar_rates_only,30,official_monthly,99,-0.12289792249820705,-0.1411255411255411,-0.1411255411255411,-1.4039767966785028,0.16032575917093764,0.0,2015-05-02,2026-04-27,negative,research_only_not_used_for_model_selection
btc_research_20260427T104950Z,onchain_fees_btc_log,coinmetrics_onchain,onchain_only,30,official_monthly,99,0.10265745338023886,0.14103896103896105,0.14103896103896105,1.4030979743305967,0.16058762515260214,0.0,2015-01-04,2026-04-27,positive,research_only_not_used_for_model_selection
btc_research_20260427T104950Z,trend_dist_sma_10d,price,price_momentum_only,30,official_monthly,99,0.059824994277201365,0.14050711193568335,0.14050711193568335,1.3977002139841546,0.16220310998842646,0.0,2015-01-05,2026-04-27,positive,research_only_not_used_for_model_selection
btc_research_20260427T104950Z,onchain_mvrv_z_365d,coinmetrics_onchain,onchain_only,30,official_monthly,99,0.17936948499328764,0.1342486085343228,0.1342486085343228,1.3342737238095217,0.18211416577820982,0.0,2015-05-03,2026-04-27,positive,research_only_not_used_for_model_selection
btc_research_20260427T104950Z,cross_asset_tlt_ret_30d,price,risk_assets_only,30,official_monthly,99,-0.11108567397493453,-0.1340878169449598,-0.1340878169449598,-1.3326463673168123,0.18264788136087218,0.0,2015-02-02,2026-04-27,negative,research_only_not_used_for_model_selection
btc_research_20260427T104950Z,cross_asset_spx_z_365d,price,risk_assets_only,30,official_monthly,99,-0.007744511615452911,-0.12583797155225723,-0.12583797155225723,-1.2492911435129097,0.21155860604530421,0.0,2015-05-02,2026-04-27,negative,research_only_not_used_for_model_selection
btc_research_20260427T104950Z,volatility_realized_7d,price,price_momentum_only,30,official_monthly,99,-0.13931608749251098,-0.12263450834879405,-0.12263450834879405,-1.2169958384328852,0.2236057992334903,0.0,2015-01-06,2026-04-27,negative,research_only_not_used_for_model_selection
btc_research_20260427T104950Z,derivatives_sum_open_interest_chg_7d,binance_derivatives,derivatives_only,30,official_monthly,66,-0.11539377046144438,-0.11829662874438994,-0.11829662874438994,-0.9530651660204185,0.3405570540760651,0.33333333333333337,2020-09-09,2026-04-27,negative,research_only_not_used_for_model_selection
btc_research_20260427T104950Z,cross_asset_tlt_ret_7d,price,risk_assets_only,30,official_monthly,99,-0.17910784688716394,-0.10630797773654917,-0.10630797773654917,-1.05297912441657,0.2923505598028249,0.0,2015-01-10,2026-04-27,negative,research_only_not_used_for_model_selection
btc_research_20260427T104950Z,sentiment_extreme_greed,manual_csv,price_momentum_only,30,official_monthly,97,0.165551795618903,0.10503030352978579,0.10503030352978579,1.0294023705374986,0.3032906356443329,0.02020202020202022,2018-02-03,2026-04-27,positive,research_only_not_used_for_model_selection
btc_research_20260427T104950Z,volatility_drawdown_90d,price,price_momentum_only,30,official_monthly,99,0.09038422573570905,0.10361665670763659,0.10361665670763659,1.0260285137585672,0.3048781439660034,0.0,2015-01-30,2026-04-27,positive,research_only_not_used_for_model_selection
btc_research_20260427T104950Z,momentum_ret_90d,price,price_momentum_only,30,official_monthly,99,0.08159323251409863,0.10246134817563389,0.10246134817563389,1.0144663988066855,0.31036025493431046,0.0,2015-04-01,2026-04-27,positive,research_only_not_used_for_model_selection
btc_research_20260427T104950Z,volatility_drawdown_365d,price,price_momentum_only,30,official_monthly,99,0.10782743013109035,0.10088128889451581,0.10088128889451581,0.9986601639992341,0.31795934441475737,0.0,2015-04-30,2026-04-27,positive,research_only_not_used_for_model_selection
btc_research_20260427T104950Z,macro_vix_ret_1d,fred_macro_daily,risk_assets_only,30,official_monthly,99,-0.0900383485146978,-0.09978600301085595,-0.09978600301085595,-0.9877078819672642,0.32329573320116967,0.0,2015-01-04,2026-04-27,negative,research_only_not_used_for_model_selection
btc_research_20260427T104950Z,macro_us_10y_2y_spread_chg_7d,fred_macro_daily,dollar_rates_only,30,official_monthly,99,0.1205392957798702,0.09855391559301262,0.09855391559301262,0.9753919888686956,0.3293658559589649,0.0,2015-01-12,2026-04-27,positive,research_only_not_used_for_model_selection
btc_research_20260427T104950Z,macro_trade_weighted_usd,fred_macro_daily,dollar_rates_only,30,official_monthly,99,0.08883635166112809,0.09721706864564007,0.09721706864564007,0.9620340457932295,0.3360325022547248,0.0,2015-01-05,2026-04-27,positive,research_only_not_used_for_model_selection
btc_research_20260427T104950Z,trend_dist_sma_100d,price,price_momentum_only,30,official_monthly,99,0.12296078434107655,0.09542362399505257,0.09542362399505257,0.944121964070427,0.34510732658262905,0.0,2015-02-19,2026-04-27,positive,research_only_not_used_for_model_selection
btc_research_20260427T104950Z,cross_asset_nasdaq_ret_30d,price,risk_assets_only,30,official_monthly,99,-0.0230063636582271,-0.09407544836116263,-0.09407544836116263,-0.930663138763539,0.35202784291703715,0.0,2015-02-02,2026-04-27,negative,research_only_not_used_for_model_selection
btc_research_20260427T104950Z,cross_asset_eth_ret_1d,price,risk_assets_only,30,official_monthly,99,0.024362663625246486,0.09151515151515152,0.09151515151515152,0.9051178746129537,0.36540294355968456,0.0,2017-11-11,2026-04-27,positive,research_only_not_used_for_model_selection
btc_research_20260427T104950Z,onchain_hash_rate_chg_30d,coinmetrics_onchain,onchain_only,30,official_monthly,99,-0.09191859295882729,-0.08959802102659245,-0.08959802102659245,-0.8860016590154886,0.3756166332194274,0.0,2015-02-03,2026-04-27,negative,research_only_not_used_for_model_selection
btc_research_20260427T104950Z,macro_us_10y_yield_chg_7d,fred_macro_daily,dollar_rates_only,30,official_monthly,99,0.15701987176877646,0.08908891730170379,0.08908891730170379,0.8809269283732576,0.37835737136636954,0.0,2015-01-12,2026-04-27,positive,research_only_not_used_for_model_selection
btc_research_20260427T104950Z,macro_us_10y_breakeven_chg_30d,fred_macro_daily,dollar_rates_only,30,official_monthly,99,0.04727774276975298,0.08574169523294625,0.08574169523294625,0.8475790586091816,0.3966724409816019,0.0,2015-02-04,2026-04-27,positive,research_only_not_used_for_model_selection
btc_research_20260427T104950Z,onchain_spot_volume_usd_log,coinmetrics_onchain,onchain_only,30,official_monthly,99,-0.06518434544345326,-0.08550401978973407,-0.08550401978973407,-0.8452122470964861,0.39799234560188584,0.0,2015-01-04,2026-04-27,negative,research_only_not_used_for_model_selection
btc_research_20260427T104950Z,momentum_ret_30d,price,price_momentum_only,30,official_monthly,99,0.1049863707114624,0.08288188002473718,0.08288188002473718,0.8191100989014172,0.4127236005830141,0.0,2015-01-31,2026-04-27,positive,research_only_not_used_for_model_selection
btc_research_20260427T104950Z,onchain_tx_count_log,coinmetrics_onchain,onchain_only,30,official_monthly,99,0.12609238976090298,0.08270871985157699,0.08270871985157699,0.8173869812551962,0.41370731318562237,0.0,2015-01-04,2026-04-27,positive,research_only_not_used_for_model_selection
btc_research_20260427T104950Z,momentum_rsi_14d,price,price_momentum_only,30,official_monthly,99,0.14321908952201148,0.08253555967841682,0.08253555967841682,0.8156639381520345,0.4146923696320167,0.0,2015-01-03,2026-04-27,positive,research_only_not_used_for_model_selection
btc_research_20260427T104950Z,cross_asset_tlt_z_365d,price,risk_assets_only,30,official_monthly,99,0.11645660093250522,0.08225108225108224,0.08225108225108224,0.8128333858839382,0.4163135912227116,0.0,2015-05-02,2026-04-27,positive,research_only_not_used_for_model_selection
btc_research_20260427T104950Z,volatility_realized_90d,price,price_momentum_only,30,official_monthly,99,-0.0883700079677748,-0.08201607915893629,-0.08201607915893629,-0.8104952544868546,0.41765559136880076,0.0,2015-02-15,2026-04-27,negative,research_only_not_used_for_model_selection
btc_research_20260427T104950Z,onchain_active_addresses_log,coinmetrics_onchain,onchain_only,30,official_monthly,99,0.09280806955708895,0.0813234384662956,0.0813234384662956,0.803604710080409,0.4216253020529887,0.0,2015-01-04,2026-04-27,positive,research_only_not_used_for_model_selection
btc_research_20260427T104950Z,cross_asset_spx_ret_7d,price,risk_assets_only,30,official_monthly,99,0.025422715694137055,-0.07998763141620284,-0.07998763141620284,-0.7903191038236068,0.42934143277316605,0.0,2015-01-10,2026-04-27,negative,research_only_not_used_for_model_selection
btc_research_20260427T104950Z,cross_asset_nasdaq_ret_7d,price,risk_assets_only,30,official_monthly,99,0.0071070583311395345,-0.07856524427953,-0.07856524427953,-0.7761771026971412,0.4376444237088732,0.0,2015-01-10,2026-04-27,negative,research_only_not_used_for_model_selection
btc_research_20260427T104950Z,volume_trend_30d,price,price_momentum_only,30,official_monthly,99,0.04045737192765141,0.07831787260358687,0.07831787260358687,0.7737181136374144,0.4390975059198682,0.0,2015-01-30,2026-04-27,positive,research_only_not_used_for_model_selection
btc_research_20260427T104950Z,macro_fed_balance_sheet_ret_30d,fred_macro_monthly,macro_liquidity_only,30,official_monthly,99,-0.005703165604051848,-0.07558441558441559,-0.07558441558441559,-0.7465557536119259,0.45533176523631064,0.0,2015-03-15,2026-04-27,negative,research_only_not_used_for_model_selection
btc_research_20260427T104950Z,macro_dxy_ret_1d,fred_macro_daily,dollar_rates_only,30,official_monthly,99,-0.09927863927347204,-0.07496134362293234,-0.07496134362293234,-0.7403666797365639,0.4590775311125624,0.0,2015-01-04,2026-04-27,negative,research_only_not_used_for_model_selection
btc_research_20260427T104950Z,sentiment_fear_greed_chg_7d,manual_csv,price_momentum_only,30,official_monthly,97,-0.015423919752278172,-0.07481682884735408,-0.07481682884735408,-0.7312737901263807,0.4646119363474849,0.02020202020202022,2018-02-10,2026-04-27,negative,research_only_not_used_for_model_selection
btc_research_20260427T104950Z,trend_log_price,price,price_momentum_only,30,official_monthly,99,-0.06113710357284346,-0.07402597402597402,-0.07402597402597402,-0.7310771381659963,0.46473203762121995,0.0,2015-01-01,2026-04-27,negative,research_only_not_used_for_model_selection
btc_research_20260427T104950Z,volume_log,price,price_momentum_only,30,official_monthly,99,0.043549886029013773,0.07393939393939394,0.07393939393939394,0.7302173740742083,0.46525732419385296,0.0,2015-01-01,2026-04-27,positive,research_only_not_used_for_model_selection
btc_research_20260427T104950Z,onchain_spot_volume_usd_z_365d,coinmetrics_onchain,onchain_only,30,official_monthly,99,-0.027872383176846174,-0.07261595547309832,-0.07261595547309832,-0.7170773204704153,0.47332638884707523,0.0,2015-05-03,2026-04-27,negative,research_only_not_used_for_model_selection
btc_research_20260427T104950Z,stablecoins_supply_chg_90d,stablecoins,stablecoins_only,30,official_monthly,97,-0.10634960754784482,0.07234951839467335,0.07234951839467335,0.7070287589640734,0.47954860599663024,0.02020202020202022,2018-02-28,2026-04-27,positive,research_only_not_used_for_model_selection
btc_research_20260427T104950Z,stablecoins_supply_chg_30d,stablecoins,stablecoins_only,30,official_monthly,99,-0.025694782482612748,0.07207619532616977,0.07207619532616977,0.7117192888855998,0.4766386207689449,0.0,2017-12-30,2026-04-27,positive,research_only_not_used_for_model_selection
btc_research_20260427T104950Z,volume_z_30d,price,price_momentum_only,30,official_monthly,99,0.07116971964819192,0.07141620284477428,0.07141620284477428,0.7051686019072938,0.4807053183754409,0.0,2015-01-15,2026-04-27,positive,research_only_not_used_for_model_selection
btc_research_20260427T104950Z,macro_dxy_ret_7d,fred_macro_daily,dollar_rates_only,30,official_monthly,99,0.020030063069485446,0.07123067408781694,0.07123067408781694,0.7033273234712072,0.4818517866051516,0.0,2015-01-10,2026-04-27,positive,research_only_not_used_for_model_selection
btc_research_20260427T104950Z,onchain_supply_chg_30d,coinmetrics_onchain,onchain_only,30,official_monthly,99,-0.09548760721076417,-0.07000618429189857,-0.07000618429189857,-0.6911767167450574,0.4894544938593447,0.0,2015-02-03,2026-04-27,negative,research_only_not_used_for_model_selection
btc_research_20260427T104950Z,onchain_spot_volume_usd_chg_30d,coinmetrics_onchain,onchain_only,30,official_monthly,99,-0.01615201386289501,-0.06922696351267779,-0.06922696351267779,-0.6834461507376157,0.49432496615105237,0.0,2015-02-03,2026-04-27,negative,research_only_not_used_for_model_selection
btc_research_20260427T104950Z,macro_trade_weighted_usd_chg_30d,fred_macro_daily,dollar_rates_only,30,official_monthly,99,0.0730461572509194,0.0681508967223253,0.0681508967223253,0.6727726706014014,0.501091926987817,0.0,2015-02-04,2026-04-27,positive,research_only_not_used_for_model_selection
btc_research_20260427T104950Z,macro_fed_funds_rate_chg_30d,fred_macro_daily,dollar_rates_only,30,official_monthly,99,-0.11616888630309047,-0.06739427415455307,-0.06739427415455307,-0.6652691645888031,0.5058783493590581,0.0,2015-02-03,2026-04-27,negative,research_only_not_used_for_model_selection
btc_research_20260427T104950Z,volume_z_90d,price,price_momentum_only,30,official_monthly,99,0.06886160233183325,0.06676561533704391,0.06676561533704391,0.6590355661794617,0.5098729300710518,0.0,2015-01-30,2026-04-27,positive,research_only_not_used_for_model_selection
btc_research_20260427T104950Z,onchain_fees_btc_chg_30d,coinmetrics_onchain,onchain_only,30,official_monthly,99,-0.057418264568103554,-0.06622139764996908,-0.06622139764996908,-0.6536398984480314,0.5133438327808851,0.0,2015-02-03,2026-04-27,negative,research_only_not_used_for_model_selection
btc_research_20260427T104950Z,macro_fed_balance_sheet_ret_90d,fred_macro_monthly,macro_liquidity_only,30,official_monthly,99,0.03459779800376179,-0.06400742115027828,-0.06400742115027828,-0.6316953293442956,0.5275859806232766,0.0,2015-05-14,2026-04-27,negative,research_only_not_used_for_model_selection
btc_research_20260427T104950Z,cross_asset_spx_ret_1d,price,risk_assets_only,30,official_monthly,99,0.082944081543634,0.06345466601181297,0.06345466601181297,0.6262179857356756,0.5311719717248886,0.0,2015-01-04,2026-04-27,positive,research_only_not_used_for_model_selection
btc_research_20260427T104950Z,macro_trade_weighted_usd_chg_7d,fred_macro_daily,dollar_rates_only,30,official_monthly,99,0.04666822017631361,0.0627581941867656,0.0627581941867656,0.6193173525648096,0.5357073151988849,0.0,2015-01-12,2026-04-27,positive,research_only_not_used_for_model_selection
btc_research_20260427T104950Z,onchain_roi_1y,coinmetrics_onchain,onchain_only,30,official_monthly,99,-0.1704323260842563,-0.06257266542980829,-0.06257266542980829,-0.617479289860282,0.5369186373592394,0.0,2015-01-04,2026-04-27,negative,research_only_not_used_for_model_selection
btc_research_20260427T104950Z,onchain_active_addresses_z_365d,coinmetrics_onchain,onchain_only,30,official_monthly,99,0.08978949547232244,0.06244897959183673,0.06244897959183673,0.6162539504386286,0.5377269262709214,0.0,2015-05-03,2026-04-27,positive,research_only_not_used_for_model_selection
btc_research_20260427T104950Z,macro_m2_money_supply_ret_30d,fred_macro_monthly,macro_liquidity_only,30,official_monthly,99,0.034128375152054406,0.062099739404200466,0.062099739404200466,0.6127942272560631,0.540012408378075,0.0,2015-04-01,2026-04-27,positive,research_only_not_used_for_model_selection
btc_research_20260427T104950Z,cross_asset_nasdaq_ret_1d,price,risk_assets_only,30,official_monthly,99,0.07444787435647769,0.06151032021131263,0.06151032021131263,0.6069556995967302,0.5438803120433655,0.0,2015-01-04,2026-04-27,positive,research_only_not_used_for_model_selection
btc_research_20260427T104950Z,derivatives_taker_buy_sell_ratio_chg_7d,binance_derivatives,derivatives_only,30,official_monthly,66,0.04544317134223526,0.06085213874998727,0.06085213874998727,0.48772095866819903,0.6257475042837708,0.33333333333333337,2020-09-09,2026-04-27,positive,research_only_not_used_for_model_selection
btc_research_20260427T104950Z,cycle_month_cos,price,price_momentum_only,30,official_monthly,99,0.07074552008331726,0.06077707133238654,0.06077707133238654,0.599693347228519,0.5487106227951515,0.0,2015-01-01,2026-04-27,positive,research_only_not_used_for_model_selection
btc_research_20260427T104950Z,cycle_days_since_halving,price,price_momentum_only,30,official_monthly,99,-0.03829908241377519,-0.060625363336280345,-0.060625363336280345,-0.5981909004387338,0.5497125623992914,0.0,2015-01-01,2026-04-27,negative,research_only_not_used_for_model_selection
btc_research_20260427T104950Z,cycle_progress,price,price_momentum_only,30,official_monthly,99,-0.03829908241377519,-0.060625363336280345,-0.060625363336280345,-0.5981909004387338,0.5497125623992914,0.0,2015-01-01,2026-04-27,negative,research_only_not_used_for_model_selection
btc_research_20260427T104950Z,macro_dxy_ret_30d,fred_macro_daily,dollar_rates_only,30,official_monthly,99,0.038729904880314,0.05971552257266543,0.05971552257266543,0.5891811218876785,0.5557397795917565,0.0,2015-02-02,2026-04-27,positive,research_only_not_used_for_model_selection
btc_research_20260427T104950Z,onchain_mvrv,coinmetrics_onchain,onchain_only,30,official_monthly,99,-0.046717750119768454,-0.05956709956709956,-0.05956709956709956,-0.5877114903760314,0.5567259617053419,0.0,2015-01-04,2026-04-27,negative,research_only_not_used_for_model_selection
btc_research_20260427T104950Z,cross_asset_eth_ret_7d,price,risk_assets_only,30,official_monthly,99,-0.10516292884917938,-0.05877551020408163,-0.05877551020408163,-0.5798741138851216,0.5619995134424354,0.0,2017-11-17,2026-04-27,negative,research_only_not_used_for_model_selection
btc_research_20260427T104950Z,macro_fed_funds_rate,fred_macro_daily,dollar_rates_only,30,official_monthly,99,0.0471116023509684,0.05583944920139285,0.05583944920139285,0.5508141968261739,0.5817610510618068,0.0,2015-01-04,2026-04-27,positive,research_only_not_used_for_model_selection
btc_research_20260427T104950Z,cross_asset_eth_ret_30d,price,risk_assets_only,30,official_monthly,99,-0.051341594574370764,-0.0547804576376005,-0.0547804576376005,-0.5403362939444444,0.5889651330810795,0.0,2017-12-10,2026-04-27,negative,research_only_not_used_for_model_selection
btc_research_20260427T104950Z,sentiment_fear_greed_z_365d,manual_csv,price_momentum_only,30,official_monthly,93,0.10626217214739424,0.054564172958133136,0.054564172958133136,0.5212856127501667,0.6021678219524348,0.06060606060606055,2018-06-02,2026-04-27,positive,research_only_not_used_for_model_selection
btc_research_20260427T104950Z,trend_dist_ath,price,price_momentum_only,30,official_monthly,99,-0.030315996989387348,-0.05445904285444357,-0.05445904285444357,-0.5371565065549406,0.5911595115359498,0.0,2015-01-01,2026-04-27,negative,research_only_not_used_for_model_selection
btc_research_20260427T104950Z,macro_fed_balance_sheet_z_365d,fred_macro_monthly,macro_liquidity_only,30,official_monthly,99,-0.012946687144209365,-0.053902288188002474,-0.053902288188002474,-0.5316488747577801,0.5949692073853607,0.0,2015-06-12,2026-04-27,negative,research_only_not_used_for_model_selection
btc_research_20260427T104950Z,momentum_ret_60d,price,price_momentum_only,30,official_monthly,99,0.07897542227924222,0.05259121830550402,0.05259121830550402,0.5186812210402335,0.6039830592533995,0.0,2015-03-02,2026-04-27,positive,research_only_not_used_for_model_selection
btc_research_20260427T104950Z,derivatives_long_short_ratio_z_90d,binance_derivatives,derivatives_only,30,official_monthly,65,0.032787211752220054,-0.052534965034965034,-0.052534965034965034,-0.4175599725742546,0.6762688674802988,0.3434343434343434,2020-10-01,2026-04-27,negative,research_only_not_used_for_model_selection
btc_research_20260427T104950Z,derivatives_sum_open_interest_value_chg_7d,binance_derivatives,derivatives_only,30,official_monthly,66,0.012739295619347599,0.052290992589500054,0.052290992589500054,0.41890104334501116,0.6752884545276772,0.33333333333333337,2020-09-09,2026-04-27,positive,research_only_not_used_for_model_selection
btc_research_20260427T104950Z,momentum_ret_14d,price,price_momentum_only,30,official_monthly,99,0.14468284322365163,0.052071737786023496,0.052071737786023496,0.5135438418392061,0.6075709512210702,0.0,2015-01-15,2026-04-27,positive,research_only_not_used_for_model_selection
btc_research_20260427T104950Z,cycle_month_sin,price,price_momentum_only,30,official_monthly,99,0.021256443878265915,0.051941857177571056,0.051941857177571056,0.5122594588983649,0.6084694346163314,0.0,2015-01-01,2026-04-27,positive,research_only_not_used_for_model_selection
btc_research_20260427T104950Z,onchain_supply_log,coinmetrics_onchain,onchain_only,30,official_monthly,99,0.097479076242994,0.05120593692022263,0.05120593692022263,0.5049824700144497,0.6135711484585298,0.0,2015-01-04,2026-04-27,positive,research_only_not_used_for_model_selection
btc_research_20260427T104950Z,onchain_tx_count_chg_30d,coinmetrics_onchain,onchain_only,30,official_monthly,99,-0.004291551343663749,-0.050995670995671,-0.050995670995671,-0.5029034527476062,0.6150321534847671,0.0,2015-02-03,2026-04-27,negative,research_only_not_used_for_model_selection
btc_research_20260427T104950Z,sentiment_fear_greed,manual_csv,price_momentum_only,30,official_monthly,97,0.10221808810713726,0.0491212419865872,0.0491212419865872,0.47935330781869123,0.6316873045905598,0.02020202020202022,2018-02-03,2026-04-27,positive,research_only_not_used_for_model_selection
btc_research_20260427T104950Z,volatility_intraday_range,price,price_momentum_only,30,official_monthly,99,-0.08432159972706173,-0.04849721706864564,-0.04849721706864564,-0.4782048899323724,0.6325043824711161,0.0,2015-01-01,2026-04-27,negative,research_only_not_used_for_model_selection
btc_research_20260427T104950Z,trend_dist_sma_200d,price,price_momentum_only,30,official_monthly,99,0.05169403330261745,0.04795299938157081,0.04795299938157081,0.4728262145677312,0.6363371698872936,0.0,2015-04-10,2026-04-27,positive,research_only_not_used_for_model_selection
btc_research_20260427T104950Z,derivatives_sum_open_interest_value_z_90d,binance_derivatives,derivatives_only,30,official_monthly,65,0.09627885884870269,0.04615384615384615,0.04615384615384615,0.3667256004619197,0.7138237086307772,0.3434343434343434,2020-10-01,2026-04-27,positive,research_only_not_used_for_model_selection
btc_research_20260427T104950Z,onchain_active_addresses_chg_30d,coinmetrics_onchain,onchain_only,30,official_monthly,99,0.03726157252359417,-0.04566481137909709,-0.04566481137909709,-0.4502158907577242,0.6525547792602739,0.0,2015-02-03,2026-04-27,negative,research_only_not_used_for_model_selection
btc_research_20260427T104950Z,trend_dist_sma_50d,price,price_momentum_only,30,official_monthly,99,0.09753902730149143,0.04310451453308596,0.04310451453308596,0.4249251730962483,0.6708912232037438,0.0,2015-01-25,2026-04-27,positive,research_only_not_used_for_model_selection
btc_research_20260427T104950Z,sentiment_extreme_fear,manual_csv,price_momentum_only,30,official_monthly,97,-0.03100365928315032,-0.04235943830507219,-0.04235943830507219,-0.413239642672242,0.679431046234825,0.02020202020202022,2018-02-03,2026-04-27,negative,research_only_not_used_for_model_selection
btc_research_20260427T104950Z,volatility_realized_14d,price,price_momentum_only,30,official_monthly,99,-0.06309406979359808,-0.04,-0.04,-0.3942698542226098,0.6933818173165278,0.0,2015-01-08,2026-04-27,negative,research_only_not_used_for_model_selection
btc_research_20260427T104950Z,sentiment_fear_greed_chg_30d,manual_csv,price_momentum_only,30,official_monthly,96,-0.01916223474608329,-0.039301756029076464,-0.039301756029076464,-0.3813392896201945,0.7029515033098568,0.030303030303030276,2018-03-05,2026-04-27,negative,research_only_not_used_for_model_selection
btc_research_20260427T104950Z,cross_asset_nasdaq_z_365d,price,risk_assets_only,30,official_monthly,99,0.05985234666559782,-0.039183673469387746,-0.039183673469387746,-0.3862110285767612,0.6993403865857957,0.0,2015-05-02,2026-04-27,negative,research_only_not_used_for_model_selection
btc_research_20260427T104950Z,macro_reverse_repo,fred_macro_daily,macro_liquidity_only,30,official_monthly,99,-0.053456426971656236,-0.0390376647416152,-0.0390376647416152,-0.38476970356805046,0.7004080472906122,0.0,2015-01-05,2026-04-27,negative,research_only_not_used_for_model_selection
btc_research_20260427T104950Z,macro_us_10y_yield,fred_macro_daily,dollar_rates_only,30,official_monthly,99,-0.06660533971836365,-0.03814718960109078,-0.03814718960109078,-0.3759799100155401,0.7069318315921449,0.0,2015-01-05,2026-04-27,negative,research_only_not_used_for_model_selection
btc_research_20260427T104950Z,trend_dist_sma_20d,price,price_momentum_only,30,official_monthly,99,0.09253002132286894,0.03507730364873222,0.03507730364873222,0.34568410900675633,0.7295801280308821,0.0,2015-01-10,2026-04-27,positive,research_only_not_used_for_model_selection
btc_research_20260427T104950Z,cross_asset_gold_ret_7d,price,risk_assets_only,30,official_monthly,99,-0.021216353904231957,-0.034953617810760666,-0.034953617810760666,-0.34446370098088536,0.730497589994003,0.0,2015-01-10,2026-04-27,negative,research_only_not_used_for_model_selection
btc_research_20260427T104950Z,cross_asset_gold_z_365d,price,risk_assets_only,30,official_monthly,99,0.016131106792086864,-0.034372294372294374,-0.034372294372294374,-0.3387279946073384,0.7348146494405179,0.0,2015-05-02,2026-04-27,negative,research_only_not_used_for_model_selection
btc_research_20260427T104950Z,cross_asset_tlt_ret_1d,price,risk_assets_only,30,official_monthly,99,-0.029234810292834684,0.03214442654052995,0.03214442654052995,0.31674957140095705,0.751433631440878,0.0,2015-01-04,2026-04-27,positive,research_only_not_used_for_model_selection
btc_research_20260427T104950Z,trend_macd_pct,price,price_momentum_only,30,official_monthly,99,0.041487853490466235,0.031849103277674706,0.031849103277674706,0.3138365021230781,0.7536452192858109,0.0,2015-01-01,2026-04-27,positive,research_only_not_used_for_model_selection
btc_research_20260427T104950Z,volatility_realized_30d,price,price_momentum_only,30,official_monthly,99,-0.030822397315642305,-0.03153988868274583,-0.03153988868274583,-0.3107864968818048,0.7559629356387191,0.0,2015-01-16,2026-04-27,negative,research_only_not_used_for_model_selection
btc_research_20260427T104950Z,momentum_ret_7d,price,price_momentum_only,30,official_monthly,99,-0.0356829735422561,0.03123067408781694,0.03123067408781694,0.307736580964475,0.7582827820217246,0.0,2015-01-08,2026-04-27,positive,research_only_not_used_for_model_selection
btc_research_20260427T104950Z,momentum_ret_365d,price,price_momentum_only,30,official_monthly,99,-0.0814819139041745,-0.03110698824984539,-0.03110698824984539,-0.3065166394111183,0.7592113127208129,0.0,2016-01-01,2026-04-27,negative,research_only_not_used_for_model_selection
btc_research_20260427T104950Z,macro_m2_money_supply_z_365d,fred_macro_monthly,macro_liquidity_only,30,official_monthly,99,-0.07532677481352969,-0.030884353741496597,-0.030884353741496597,-0.30432078009590485,0.7608835152354774,0.0,2015-06-29,2026-04-27,negative,research_only_not_used_for_model_selection
btc_research_20260427T104950Z,macro_vix_ret_7d,fred_macro_daily,risk_assets_only,30,official_monthly,99,0.005573387909701324,0.030698824984539266,0.030698824984539266,0.30249093198070726,0.7622778451197947,0.0,2015-01-10,2026-04-27,positive,research_only_not_used_for_model_selection
btc_research_20260427T104950Z,onchain_hash_rate_log,coinmetrics_onchain,onchain_only,30,official_monthly,99,0.0529547733255552,0.02895485466914038,0.02895485466914038,0.2852918633955573,0.775420546023329,0.0,2015-01-04,2026-04-27,positive,research_only_not_used_for_model_selection
btc_research_20260427T104950Z,derivatives_taker_buy_sell_ratio,binance_derivatives,derivatives_only,30,official_monthly,66,0.05279739599995617,0.026868476138029364,0.026868476138029364,0.21502543816282868,0.8297474856247472,0.33333333333333337,2020-09-02,2026-04-27,positive,research_only_not_used_for_model_selection
btc_research_20260427T104950Z,macro_m2_money_supply_ret_90d,fred_macro_monthly,macro_liquidity_only,30,official_monthly,99,0.047796495178067715,0.02670377241805813,0.02670377241805813,0.26309547961595003,0.7924769879946907,0.0,2015-05-31,2026-04-27,positive,research_only_not_used_for_model_selection
btc_research_20260427T104950Z,stablecoins_supply_log,stablecoins,stablecoins_only,30,official_monthly,99,0.12304923623903413,-0.02404601402335233,-0.02404601402335233,-0.23689427013048345,0.8127388152605708,0.0,2017-11-30,2026-04-27,negative,research_only_not_used_for_model_selection
btc_research_20260427T104950Z,cycle_sin_4y,price,price_momentum_only,30,official_monthly,99,-0.011106453142279748,0.02347600759849183,0.02347600759849183,0.23127560001818562,0.8171007012347002,0.0,2015-01-01,2026-04-27,positive,research_only_not_used_for_model_selection
btc_research_20260427T104950Z,onchain_roi_30d,coinmetrics_onchain,onchain_only,30,official_monthly,99,0.0989364229371796,0.023228200371057512,0.023228200371057512,0.2288329841128016,0.8189987292882432,0.0,2015-01-04,2026-04-27,positive,research_only_not_used_for_model_selection
btc_research_20260427T104950Z,macro_vix_z_365d,fred_macro_daily,risk_assets_only,30,official_monthly,99,-0.08395282394867089,0.02033395176252319,0.02033395176252319,0.20030761429306512,0.8412400078823097,0.0,2015-05-02,2026-04-27,positive,research_only_not_used_for_model_selection
btc_research_20260427T104950Z,macro_us_10y_breakeven_chg_7d,fred_macro_daily,dollar_rates_only,30,official_monthly,99,-0.0019221640208915462,-0.018610633310012385,-0.018610633310012385,-0.1833252316880978,0.8545428378499296,0.0,2015-01-12,2026-04-27,negative,research_only_not_used_for_model_selection
btc_research_20260427T104950Z,onchain_tx_count_z_365d,coinmetrics_onchain,onchain_only,30,official_monthly,99,0.03689818203895407,-0.018552875695732836,-0.018552875695732836,-0.18275609041228022,0.854989403036279,0.0,2015-05-03,2026-04-27,negative,research_only_not_used_for_model_selection
btc_research_20260427T104950Z,cross_asset_eth_z_365d,price,risk_assets_only,30,official_monthly,96,0.05198973715728817,0.01675257731958763,0.01675257731958763,0.1624450598728867,0.8709553893816436,0.030303030303030276,2018-03-09,2026-04-27,positive,research_only_not_used_for_model_selection
btc_research_20260427T104950Z,macro_reverse_repo_chg_30d,fred_macro_daily,macro_liquidity_only,30,official_monthly,99,-0.08684913949852308,0.01517625231910946,0.01517625231910946,0.14948596674828396,0.8811701818634606,0.0,2015-02-04,2026-04-27,positive,research_only_not_used_for_model_selection
btc_research_20260427T104950Z,macro_us_10y_2y_spread,fred_macro_daily,dollar_rates_only,30,official_monthly,99,-0.029536497520072938,-0.014139433780923038,-0.014139433780923038,-0.13927119520061684,0.8892358509244547,0.0,2015-01-05,2026-04-27,negative,research_only_not_used_for_model_selection
btc_research_20260427T104950Z,derivatives_long_short_ratio_chg_7d,binance_derivatives,derivatives_only,30,official_monthly,66,-0.0259411043848261,-0.013965139338273667,-0.013965139338273667,-0.11173201051165085,0.9110358975216336,0.33333333333333337,2020-09-09,2026-04-27,negative,research_only_not_used_for_model_selection
btc_research_20260427T104950Z,momentum_ret_180d,price,price_momentum_only,30,official_monthly,99,-0.02616412408372864,0.013481756338899194,0.013481756338899194,0.13279196963376744,0.8943579054176574,0.0,2015-06-30,2026-04-27,positive,research_only_not_used_for_model_selection
btc_research_20260427T104950Z,trend_macd_signal_pct,price,price_momentum_only,30,official_monthly,99,0.03932662277503979,0.01285095856524428,0.01285095856524428,0.1265777159310652,0.8992746351644465,0.0,2015-01-01,2026-04-27,positive,research_only_not_used_for_model_selection
btc_research_20260427T104950Z,stablecoins_supply_z_365d,stablecoins,stablecoins_only,30,official_monthly,96,-0.04220125113039578,0.012438958220292999,0.012438958220292999,0.12060950559906755,0.9040003394318756,0.030303030303030276,2018-03-29,2026-04-27,positive,research_only_not_used_for_model_selection
btc_research_20260427T104950Z,onchain_exchange_net_outflow_z_365d,coinmetrics_onchain,onchain_only,30,official_monthly,99,-0.03221387110321193,-0.010426716141001855,-0.010426716141001855,-0.102696827179311,0.918203591875532,0.0,2015-05-03,2026-04-27,negative,research_only_not_used_for_model_selection
btc_research_20260427T104950Z,cross_asset_gold_ret_1d,price,risk_assets_only,30,official_monthly,99,0.11175032285352869,0.008674291103522521,0.008674291103522521,0.0854350738800068,0.9319155101618656,0.0,2015-01-04,2026-04-27,positive,research_only_not_used_for_model_selection
btc_research_20260427T104950Z,onchain_exchange_net_outflow_usd,coinmetrics_onchain,onchain_only,30,official_monthly,99,0.0016050490201311592,-0.007297464440321582,-0.007297464440321582,-0.07187360335391145,0.94270249717809,0.0,2015-01-04,2026-04-27,negative,research_only_not_used_for_model_selection
btc_research_20260427T104950Z,onchain_exchange_net_outflow_to_volume,coinmetrics_onchain,onchain_only,30,official_monthly,99,0.0048412253019996885,0.0024737167594310453,0.0024737167594310453,0.02436335914871274,0.9805627748078499,0.0,2015-01-04,2026-04-27,positive,research_only_not_used_for_model_selection
btc_research_20260427T104950Z,onchain_exchange_supply_ratio,coinmetrics_onchain,onchain_only,30,official_monthly,99,0.10257759179665626,0.00032158317872603583,0.00032158317872603583,0.0031672271624928854,0.9974729225714826,0.0,2015-01-04,2026-04-27,positive,research_only_not_used_for_model_selection
