run_id,asset_id,feature_name,feature_group,source,horizon,window_type,n_samples,coverage_pct,information_coefficient,ic_p_value,ic_sign,ic_stability_score,missing_pct,correlation_cluster,keep_candidate,drop_reason
sol_research_20260506T062759Z,sol,trend_log_price,price_momentum_only,price,30,official_monthly,36,1.0,-0.38507078507078507,0.0149767633327453,negative,0.5555555555555556,0.0,cluster_001,True,
sol_research_20260506T062759Z,sol,momentum_ret_7d,price_momentum_only,price,30,official_monthly,36,1.0,0.28262548262548265,0.08579321596902018,positive,1.0,0.0,cluster_002,True,
sol_research_20260506T062759Z,sol,momentum_ret_14d,price_momentum_only,price,30,official_monthly,36,1.0,0.23603603603603607,0.15667765439569006,positive,0.5555555555555556,0.0,cluster_003,True,
sol_research_20260506T062759Z,sol,momentum_ret_30d,price_momentum_only,price,30,official_monthly,36,1.0,-0.023423423423423427,0.8913324802937822,negative,0.3333333333333333,0.0,cluster_004,False,weak_ic
sol_research_20260506T062759Z,sol,momentum_ret_60d,price_momentum_only,price,30,official_monthly,36,1.0,0.16653796653796654,0.3247085882501874,positive,1.0,0.0,cluster_005,True,
sol_research_20260506T062759Z,sol,momentum_ret_90d,price_momentum_only,price,30,official_monthly,36,1.0,0.1474903474903475,0.3845635304252815,positive,1.0,0.0,cluster_006,True,
sol_research_20260506T062759Z,sol,momentum_ret_180d,price_momentum_only,price,30,official_monthly,36,1.0,0.12406692406692407,0.46596428865404677,positive,1.0,0.0,cluster_007,True,
sol_research_20260506T062759Z,sol,momentum_ret_365d,price_momentum_only,price,30,official_monthly,36,1.0,0.09961389961389963,0.5593903263031292,positive,0.5555555555555556,0.0,cluster_008,True,
sol_research_20260506T062759Z,sol,trend_dist_sma_10d,price_momentum_only,price,30,official_monthly,36,1.0,0.346975546975547,0.030988793124856754,positive,1.0,0.0,cluster_002,True,
sol_research_20260506T062759Z,sol,trend_dist_sma_20d,price_momentum_only,price,30,official_monthly,36,1.0,0.3580437580437581,0.02535373696774685,positive,1.0,0.0,cluster_009,True,
sol_research_20260506T062759Z,sol,trend_dist_sma_50d,price_momentum_only,price,30,official_monthly,36,1.0,0.06743886743886744,0.69348501499143,positive,0.1111111111111111,0.0,cluster_004,True,
sol_research_20260506T062759Z,sol,trend_dist_sma_100d,price_momentum_only,price,30,official_monthly,36,1.0,0.09703989703989704,0.5696832209810954,positive,0.3333333333333333,0.0,cluster_005,True,
sol_research_20260506T062759Z,sol,trend_dist_sma_200d,price_momentum_only,price,30,official_monthly,36,1.0,0.09240669240669241,0.5884150156187216,positive,1.0,0.0,cluster_006,True,
sol_research_20260506T062759Z,sol,trend_macd_pct,price_momentum_only,price,30,official_monthly,36,1.0,0.011325611325611325,0.9473433278850905,positive,0.1111111111111111,0.0,cluster_004,False,weak_ic
sol_research_20260506T062759Z,sol,trend_macd_signal_pct,price_momentum_only,price,30,official_monthly,36,1.0,-0.06975546975546977,0.6834689881450333,negative,0.3333333333333333,0.0,cluster_004,True,
sol_research_20260506T062759Z,sol,momentum_rsi_14d,price_momentum_only,price,30,official_monthly,36,1.0,0.2707850707850708,0.10096081051247811,positive,1.0,0.0,cluster_009,True,
sol_research_20260506T062759Z,sol,volatility_realized_7d,price_momentum_only,price,30,official_monthly,36,1.0,0.1070785070785071,0.5300169419561436,positive,0.7777777777777778,0.0,cluster_010,True,
sol_research_20260506T062759Z,sol,volatility_realized_14d,price_momentum_only,price,30,official_monthly,36,1.0,-0.0005148005148005149,0.9976049317265018,negative,0.1111111111111111,0.0,cluster_011,False,weak_ic
sol_research_20260506T062759Z,sol,volatility_realized_30d,price_momentum_only,price,30,official_monthly,36,1.0,-0.13024453024453025,0.443691633554932,negative,0.5555555555555556,0.0,cluster_012,True,
sol_research_20260506T062759Z,sol,volatility_realized_90d,price_momentum_only,price,30,official_monthly,36,1.0,0.012097812097812096,0.9437583543346739,positive,0.3333333333333333,0.0,cluster_013,False,weak_ic
sol_research_20260506T062759Z,sol,volatility_drawdown_90d,price_momentum_only,price,30,official_monthly,36,1.0,0.004891864219810932,0.9772437749683641,positive,0.1111111111111111,0.0,cluster_014,False,weak_ic
sol_research_20260506T062759Z,sol,volatility_drawdown_365d,price_momentum_only,price,30,official_monthly,36,1.0,0.08547889057774893,0.6168960716270615,positive,0.5555555555555556,0.0,cluster_015,True,
sol_research_20260506T062759Z,sol,trend_dist_ath,price_momentum_only,price,30,official_monthly,36,1.0,-0.3832689832689833,0.015537982457507083,negative,0.5555555555555556,0.0,cluster_001,True,
sol_research_20260506T062759Z,sol,volatility_intraday_range,price_momentum_only,price,30,official_monthly,36,1.0,0.30759330759330755,0.059436862318746966,positive,0.7777777777777778,0.0,cluster_016,True,
sol_research_20260506T062759Z,sol,volume_log,price_momentum_only,price,30,official_monthly,36,1.0,0.11351351351351353,0.5052846545671675,positive,0.7777777777777778,0.0,cluster_017,True,
sol_research_20260506T062759Z,sol,volume_z_30d,price_momentum_only,price,30,official_monthly,36,1.0,0.27464607464607466,0.09581424497022849,positive,0.7777777777777778,0.0,cluster_018,True,
sol_research_20260506T062759Z,sol,volume_z_90d,price_momentum_only,price,30,official_monthly,36,1.0,0.22110682110682112,0.18617386260525762,positive,0.7777777777777778,0.0,cluster_018,True,
sol_research_20260506T062759Z,sol,volume_trend_30d,price_momentum_only,price,30,official_monthly,36,1.0,0.005920205920205921,0.9724616641386737,positive,0.1111111111111111,0.0,cluster_019,False,weak_ic
sol_research_20260506T062759Z,sol,cross_asset_btc_ret_1d,risk_assets_only,price,30,official_monthly,36,1.0,0.015444015444015444,0.9282363148879097,positive,0.5555555555555556,0.0,cluster_020,False,weak_ic
sol_research_20260506T062759Z,sol,cross_asset_btc_ret_7d,risk_assets_only,price,30,official_monthly,36,1.0,0.21853281853281856,0.19161498144957256,positive,1.0,0.0,cluster_021,True,
sol_research_20260506T062759Z,sol,cross_asset_btc_ret_30d,risk_assets_only,price,30,official_monthly,36,1.0,0.0761904761904762,0.6559164727268049,positive,0.3333333333333333,0.0,cluster_022,True,
sol_research_20260506T062759Z,sol,cross_asset_btc_z_365d,risk_assets_only,price,30,official_monthly,36,1.0,0.1827541827541828,0.2784158149763195,positive,1.0,0.0,cluster_023,True,
sol_research_20260506T062759Z,sol,cross_asset_eth_ret_1d,risk_assets_only,price,30,official_monthly,36,1.0,0.2710424710424711,0.10061154521125452,positive,1.0,0.0,cluster_024,True,
sol_research_20260506T062759Z,sol,cross_asset_eth_ret_7d,risk_assets_only,price,30,official_monthly,36,1.0,0.22393822393822396,0.18031055744054325,positive,1.0,0.0,cluster_025,True,
sol_research_20260506T062759Z,sol,cross_asset_eth_ret_30d,risk_assets_only,price,30,official_monthly,36,1.0,0.14234234234234233,0.401733279982501,positive,1.0,0.0,cluster_026,True,
sol_research_20260506T062759Z,sol,cross_asset_eth_z_365d,risk_assets_only,price,30,official_monthly,36,1.0,0.042471042471042476,0.8042347915384489,positive,0.3333333333333333,0.0,cluster_027,False,weak_ic
sol_research_20260506T062759Z,sol,cross_asset_spx_ret_1d,risk_assets_only,price,30,official_monthly,36,1.0,0.08117540630909457,0.6348602972203017,positive,0.1111111111111111,0.0,cluster_028,True,
sol_research_20260506T062759Z,sol,cross_asset_spx_ret_7d,risk_assets_only,price,30,official_monthly,36,1.0,0.003861003861003861,0.9820383468063131,positive,0.1111111111111111,0.0,cluster_029,False,weak_ic
sol_research_20260506T062759Z,sol,cross_asset_spx_ret_30d,risk_assets_only,price,30,official_monthly,36,1.0,-0.08880308880308882,0.6031608758350656,negative,1.0,0.0,cluster_030,True,
sol_research_20260506T062759Z,sol,cross_asset_spx_z_365d,risk_assets_only,price,30,official_monthly,36,1.0,-0.11016731016731017,0.5180757866343344,negative,1.0,0.0,cluster_031,True,
sol_research_20260506T062759Z,sol,cross_asset_nasdaq_ret_1d,risk_assets_only,price,30,official_monthly,36,1.0,0.13763394210740712,0.4177977171982023,positive,0.1111111111111111,0.0,cluster_028,True,
sol_research_20260506T062759Z,sol,cross_asset_nasdaq_ret_7d,risk_assets_only,price,30,official_monthly,36,1.0,0.10398970398970399,0.5420841855407996,positive,0.3333333333333333,0.0,cluster_029,True,
sol_research_20260506T062759Z,sol,cross_asset_nasdaq_ret_30d,risk_assets_only,price,30,official_monthly,36,1.0,-0.023423423423423427,0.8913324802937822,negative,0.3333333333333333,0.0,cluster_030,False,weak_ic
sol_research_20260506T062759Z,sol,cross_asset_nasdaq_z_365d,risk_assets_only,price,30,official_monthly,36,1.0,-0.11685971685971687,0.4926473533964421,negative,0.5555555555555556,0.0,cluster_031,True,
sol_research_20260506T062759Z,sol,cross_asset_gold_ret_1d,risk_assets_only,price,30,official_monthly,36,1.0,-0.2240129001029821,0.18015763910161875,negative,1.0,0.0,cluster_032,True,
sol_research_20260506T062759Z,sol,cross_asset_gold_ret_7d,risk_assets_only,price,30,official_monthly,36,1.0,0.12200772200772203,0.47351227110295746,positive,1.0,0.0,cluster_033,True,
sol_research_20260506T062759Z,sol,cross_asset_gold_ret_30d,risk_assets_only,price,30,official_monthly,36,1.0,-0.23217503217503221,0.16397246350893396,negative,0.5555555555555556,0.0,cluster_034,True,
sol_research_20260506T062759Z,sol,cross_asset_gold_z_365d,risk_assets_only,price,30,official_monthly,36,1.0,-0.27644787644787644,0.09347966892874843,negative,1.0,0.0,cluster_035,True,
sol_research_20260506T062759Z,sol,cross_asset_tlt_ret_1d,risk_assets_only,price,30,official_monthly,36,1.0,0.0827364718150387,0.628320496302054,positive,0.7777777777777778,0.0,cluster_036,True,
sol_research_20260506T062759Z,sol,cross_asset_tlt_ret_7d,risk_assets_only,price,30,official_monthly,36,1.0,-0.17734877734877738,0.2933647375335075,negative,1.0,0.0,cluster_037,True,
sol_research_20260506T062759Z,sol,cross_asset_tlt_ret_30d,risk_assets_only,price,30,official_monthly,36,1.0,-0.38790218790218794,0.014128300753541444,negative,1.0,0.0,cluster_038,True,
sol_research_20260506T062759Z,sol,cross_asset_tlt_z_365d,risk_assets_only,price,30,official_monthly,36,1.0,-0.39433719433719444,0.01234526595637223,negative,1.0,0.0,cluster_039,True,
sol_research_20260506T062759Z,sol,macro_dxy_ret_1d,dollar_rates_only,fred_macro_daily,30,official_monthly,36,1.0,-0.04136823590751935,0.8092273975496759,negative,0.5555555555555556,0.0,cluster_040,False,weak_ic
sol_research_20260506T062759Z,sol,macro_dxy_ret_7d,dollar_rates_only,fred_macro_daily,30,official_monthly,36,1.0,-0.042728442728442735,0.8030705337534589,negative,0.7777777777777778,0.0,cluster_041,False,weak_ic
sol_research_20260506T062759Z,sol,macro_dxy_ret_30d,dollar_rates_only,fred_macro_daily,30,official_monthly,36,1.0,0.10424710424710425,0.5410738272947117,positive,0.4444444444444444,0.0,cluster_042,True,
sol_research_20260506T062759Z,sol,macro_dxy_z_365d,dollar_rates_only,fred_macro_daily,30,official_monthly,36,1.0,0.05225225225225225,0.7602921564128426,positive,0.3333333333333333,0.0,cluster_043,True,
sol_research_20260506T062759Z,sol,macro_vix_ret_1d,risk_assets_only,fred_macro_daily,30,official_monthly,36,1.0,0.019253141239977557,0.9105974717917596,positive,0.7777777777777778,0.0,cluster_044,False,weak_ic
sol_research_20260506T062759Z,sol,macro_vix_ret_7d,risk_assets_only,fred_macro_daily,30,official_monthly,36,1.0,-0.09420849420849423,0.5810996111136062,negative,0.3333333333333333,0.0,cluster_045,True,
sol_research_20260506T062759Z,sol,macro_vix_ret_30d,risk_assets_only,fred_macro_daily,30,official_monthly,36,1.0,0.05714285714285715,0.7385738138852649,positive,0.3333333333333333,0.0,cluster_046,True,
sol_research_20260506T062759Z,sol,macro_vix_z_365d,risk_assets_only,fred_macro_daily,30,official_monthly,36,1.0,-0.02187902187902188,0.898460727468044,negative,0.1111111111111111,0.0,cluster_047,False,weak_ic
sol_research_20260506T062759Z,sol,macro_us_10y_yield,dollar_rates_only,fred_macro_daily,30,official_monthly,36,1.0,0.31022948711254356,0.057064706322565384,positive,1.0,0.0,cluster_048,True,
sol_research_20260506T062759Z,sol,macro_us_10y_yield_chg_7d,dollar_rates_only,fred_macro_daily,30,official_monthly,36,1.0,0.23395354207248537,0.1605836499098853,positive,0.5555555555555556,0.0,cluster_049,True,
sol_research_20260506T062759Z,sol,macro_us_10y_yield_chg_30d,dollar_rates_only,fred_macro_daily,30,official_monthly,36,1.0,0.31576237957486253,0.05232221411473836,positive,0.5555555555555556,0.0,cluster_038,True,
sol_research_20260506T062759Z,sol,macro_us_10y_yield_chg_90d,dollar_rates_only,fred_macro_daily,30,official_monthly,36,1.0,0.122015573970404,0.4734833737551583,positive,0.3333333333333333,0.0,cluster_050,True,
sol_research_20260506T062759Z,sol,macro_us_10y_yield_z_365d,dollar_rates_only,fred_macro_daily,30,official_monthly,36,1.0,0.3709137709137709,0.01986396141319253,positive,1.0,0.0,cluster_039,True,
sol_research_20260506T062759Z,sol,macro_us_2y_yield,dollar_rates_only,fred_macro_daily,30,official_monthly,36,1.0,0.3436957005564137,0.03283632373684868,positive,1.0,0.0,cluster_051,True,
sol_research_20260506T062759Z,sol,macro_us_2y_yield_chg_7d,dollar_rates_only,fred_macro_daily,30,official_monthly,36,1.0,0.1664198432201384,0.32506166608203607,positive,0.5555555555555556,0.0,cluster_052,True,
sol_research_20260506T062759Z,sol,macro_us_2y_yield_chg_30d,dollar_rates_only,fred_macro_daily,30,official_monthly,36,1.0,0.20839233021132528,0.21408820335311513,positive,0.3333333333333333,0.0,cluster_053,True,
sol_research_20260506T062759Z,sol,macro_us_2y_yield_chg_90d,dollar_rates_only,fred_macro_daily,30,official_monthly,36,1.0,0.058691035580700664,0.7317372252517222,positive,0.1111111111111111,0.0,cluster_050,True,
sol_research_20260506T062759Z,sol,macro_us_2y_yield_z_365d,dollar_rates_only,fred_macro_daily,30,official_monthly,36,1.0,0.2857142857142857,0.08213085320446507,positive,1.0,0.0,cluster_054,True,
sol_research_20260506T062759Z,sol,macro_real_10y_yield,dollar_rates_only,fred_macro_daily,30,official_monthly,36,1.0,0.3440639137820042,0.032624678029022414,positive,1.0,0.0,cluster_048,True,
sol_research_20260506T062759Z,sol,macro_real_10y_yield_chg_7d,dollar_rates_only,fred_macro_daily,30,official_monthly,36,1.0,0.30430317631222087,0.06250222582301934,positive,0.5555555555555556,0.0,cluster_049,True,
sol_research_20260506T062759Z,sol,macro_real_10y_yield_chg_30d,dollar_rates_only,fred_macro_daily,30,official_monthly,36,1.0,0.3358444965409624,0.037612790329837914,positive,0.7777777777777778,0.0,cluster_038,True,
sol_research_20260506T062759Z,sol,macro_real_10y_yield_chg_90d,dollar_rates_only,fred_macro_daily,30,official_monthly,36,1.0,0.1868725868725869,0.2673506934851727,positive,0.5555555555555556,0.0,cluster_050,True,
sol_research_20260506T062759Z,sol,macro_real_10y_yield_z_365d,dollar_rates_only,fred_macro_daily,30,official_monthly,36,1.0,0.3655083655083656,0.022039305882053415,positive,1.0,0.0,cluster_054,True,
sol_research_20260506T062759Z,sol,macro_real_5y_yield,dollar_rates_only,fred_macro_daily,30,official_monthly,36,1.0,0.3995880667971878,0.011030944485035978,positive,1.0,0.0,cluster_051,True,
sol_research_20260506T062759Z,sol,macro_real_5y_yield_chg_7d,dollar_rates_only,fred_macro_daily,30,official_monthly,36,1.0,0.3045608419991915,0.0622579091098357,positive,1.0,0.0,cluster_055,True,
sol_research_20260506T062759Z,sol,macro_real_5y_yield_chg_30d,dollar_rates_only,fred_macro_daily,30,official_monthly,36,1.0,0.2807491846118121,0.08807632394243498,positive,0.5555555555555556,0.0,cluster_056,True,
sol_research_20260506T062759Z,sol,macro_real_5y_yield_chg_90d,dollar_rates_only,fred_macro_daily,30,official_monthly,36,1.0,0.14315139506394095,0.39900745995766557,positive,0.5555555555555556,0.0,cluster_057,True,
sol_research_20260506T062759Z,sol,macro_real_5y_yield_z_365d,dollar_rates_only,fred_macro_daily,30,official_monthly,36,1.0,0.322007722007722,0.04734006587946906,positive,1.0,0.0,cluster_054,True,
sol_research_20260506T062759Z,sol,macro_us_3m_bill_rate,dollar_rates_only,fred_macro_monthly,30,official_monthly,36,1.0,0.4255981990510138,0.006098970284049949,positive,1.0,0.0,cluster_058,True,
sol_research_20260506T062759Z,sol,macro_us_3m_bill_rate_chg_7d,dollar_rates_only,fred_macro_monthly,30,official_monthly,36,1.0,,,flat,,0.0,cluster_059,False,weak_ic
sol_research_20260506T062759Z,sol,macro_us_3m_bill_rate_chg_30d,dollar_rates_only,fred_macro_monthly,30,official_monthly,36,1.0,0.19073252333869434,0.25723490304815644,positive,0.3333333333333333,0.0,cluster_060,True,
sol_research_20260506T062759Z,sol,macro_us_3m_bill_rate_chg_90d,dollar_rates_only,fred_macro_monthly,30,official_monthly,36,1.0,0.26124526833792794,0.11453975098283595,positive,0.3333333333333333,0.0,cluster_061,True,
sol_research_20260506T062759Z,sol,macro_us_3m_bill_rate_z_365d,dollar_rates_only,fred_macro_monthly,30,official_monthly,36,1.0,0.2851994851994852,0.0827330097659049,positive,0.5555555555555556,0.0,cluster_061,True,
sol_research_20260506T062759Z,sol,macro_us_10y_2y_spread,dollar_rates_only,fred_macro_daily,30,official_monthly,36,1.0,-0.2474412744834142,0.13645427959930556,negative,0.3333333333333333,0.0,cluster_062,True,
sol_research_20260506T062759Z,sol,macro_us_10y_2y_spread_chg_7d,dollar_rates_only,fred_macro_daily,30,official_monthly,36,1.0,0.157135544088348,0.3535240293069293,positive,0.7777777777777778,0.0,cluster_063,True,
sol_research_20260506T062759Z,sol,macro_us_10y_2y_spread_chg_30d,dollar_rates_only,fred_macro_daily,30,official_monthly,36,1.0,0.19513451056230335,0.24599932028486904,positive,0.7777777777777778,0.0,cluster_064,True,
sol_research_20260506T062759Z,sol,macro_us_10y_2y_spread_chg_90d,dollar_rates_only,fred_macro_daily,30,official_monthly,36,1.0,0.12395417788357396,0.46637597236236306,positive,0.5555555555555556,0.0,cluster_065,True,
sol_research_20260506T062759Z,sol,macro_us_10y_2y_spread_z_365d,dollar_rates_only,fred_macro_daily,30,official_monthly,36,1.0,0.16164736164736168,0.33951744184566307,positive,0.7777777777777778,0.0,cluster_066,True,
sol_research_20260506T062759Z,sol,macro_us_10y_breakeven,dollar_rates_only,fred_macro_daily,30,official_monthly,36,1.0,-0.02887345552555619,0.8662450456958146,negative,0.3333333333333333,0.0,cluster_067,False,weak_ic
sol_research_20260506T062759Z,sol,macro_us_10y_breakeven_chg_7d,dollar_rates_only,fred_macro_daily,30,official_monthly,36,1.0,-0.051454954687552464,0.7638496871316456,negative,0.3333333333333333,0.0,cluster_068,True,
sol_research_20260506T062759Z,sol,macro_us_10y_breakeven_chg_30d,dollar_rates_only,fred_macro_daily,30,official_monthly,36,1.0,0.14776174368679698,0.38366991321621297,positive,0.5555555555555556,0.0,cluster_069,True,
sol_research_20260506T062759Z,sol,macro_us_10y_breakeven_chg_90d,dollar_rates_only,fred_macro_daily,30,official_monthly,36,1.0,-0.00786032416796147,0.9634420904835252,negative,0.1111111111111111,0.0,cluster_070,False,weak_ic
sol_research_20260506T062759Z,sol,macro_us_10y_breakeven_z_365d,dollar_rates_only,fred_macro_daily,30,official_monthly,36,1.0,0.05276705276705277,0.7579975729845763,positive,0.3333333333333333,0.0,cluster_067,True,
sol_research_20260506T062759Z,sol,macro_inflation_expectations_5y5y,dollar_rates_only,fred_macro_daily,30,official_monthly,36,1.0,0.27557345221500446,0.09460735782621443,positive,1.0,0.0,cluster_071,True,
sol_research_20260506T062759Z,sol,macro_inflation_expectations_5y5y_chg_7d,dollar_rates_only,fred_macro_daily,30,official_monthly,36,1.0,0.04598027065837233,0.7883971255160603,positive,0.1111111111111111,0.0,cluster_072,False,weak_ic
sol_research_20260506T062759Z,sol,macro_inflation_expectations_5y5y_chg_30d,dollar_rates_only,fred_macro_daily,30,official_monthly,36,1.0,-0.010560208242072516,0.950897702611325,negative,0.3333333333333333,0.0,cluster_073,False,weak_ic
sol_research_20260506T062759Z,sol,macro_inflation_expectations_5y5y_chg_90d,dollar_rates_only,fred_macro_daily,30,official_monthly,36,1.0,-0.028843681394898554,0.8663817894658491,negative,0.3333333333333333,0.0,cluster_074,False,weak_ic
sol_research_20260506T062759Z,sol,macro_inflation_expectations_5y5y_z_365d,dollar_rates_only,fred_macro_daily,30,official_monthly,36,1.0,0.23063063063063063,0.166954997503456,positive,0.5555555555555556,0.0,cluster_071,True,
sol_research_20260506T062759Z,sol,macro_financial_stress_index,risk_assets_only,fred_macro_daily,30,official_monthly,36,1.0,0.018532818532818532,0.9139302210570208,positive,0.3333333333333333,0.0,cluster_075,False,weak_ic
sol_research_20260506T062759Z,sol,macro_financial_stress_index_chg_7d,risk_assets_only,fred_macro_daily,30,official_monthly,36,1.0,-0.10218790218790218,0.5491806349943485,negative,0.7777777777777778,0.0,cluster_076,True,
sol_research_20260506T062759Z,sol,macro_financial_stress_index_chg_30d,risk_assets_only,fred_macro_daily,30,official_monthly,36,1.0,0.07567567567567568,0.6581055913513585,positive,0.5555555555555556,0.0,cluster_077,True,
sol_research_20260506T062759Z,sol,macro_financial_stress_index_chg_90d,risk_assets_only,fred_macro_daily,30,official_monthly,36,1.0,0.10115830115830116,0.5532544273577207,positive,1.0,0.0,cluster_078,True,
sol_research_20260506T062759Z,sol,macro_financial_stress_index_z_365d,risk_assets_only,fred_macro_daily,30,official_monthly,36,1.0,0.006692406692406694,0.9688712735627095,positive,0.7777777777777778,0.0,cluster_079,False,weak_ic
sol_research_20260506T062759Z,sol,macro_effective_fed_funds_rate,dollar_rates_only,fred_macro_daily,30,official_monthly,36,1.0,0.3448600492799424,0.03217074976060755,positive,1.0,0.0,cluster_058,True,
sol_research_20260506T062759Z,sol,macro_effective_fed_funds_rate_chg_7d,dollar_rates_only,fred_macro_daily,30,official_monthly,36,1.0,-0.3420895504903246,0.03377223415689183,negative,1.0,0.0,cluster_080,True,
sol_research_20260506T062759Z,sol,macro_effective_fed_funds_rate_chg_30d,dollar_rates_only,fred_macro_daily,30,official_monthly,36,1.0,-0.1084397368675515,0.5247388108852881,negative,1.0,0.0,cluster_081,True,
sol_research_20260506T062759Z,sol,macro_effective_fed_funds_rate_chg_90d,dollar_rates_only,fred_macro_daily,30,official_monthly,36,1.0,0.23019234468397862,0.1678081729360777,positive,0.3333333333333333,0.0,cluster_061,True,
sol_research_20260506T062759Z,sol,macro_effective_fed_funds_rate_z_365d,dollar_rates_only,fred_macro_daily,30,official_monthly,34,0.9444444444444444,0.26386554621848735,0.12174443444955999,positive,0.3333333333333333,0.05555555555555558,cluster_061,True,
sol_research_20260506T062759Z,sol,macro_fed_funds_rate,dollar_rates_only,fred_macro_daily,30,official_monthly,36,1.0,0.3448600492799424,0.03217074976060755,positive,1.0,0.0,cluster_058,True,
sol_research_20260506T062759Z,sol,macro_fed_funds_rate_chg_7d,dollar_rates_only,fred_macro_daily,30,official_monthly,36,1.0,-0.3420895504903246,0.03377223415689183,negative,1.0,0.0,cluster_080,True,
sol_research_20260506T062759Z,sol,macro_fed_funds_rate_chg_30d,dollar_rates_only,fred_macro_daily,30,official_monthly,36,1.0,-0.1084397368675515,0.5247388108852881,negative,1.0,0.0,cluster_081,True,
sol_research_20260506T062759Z,sol,macro_fed_funds_rate_chg_90d,dollar_rates_only,fred_macro_daily,30,official_monthly,36,1.0,0.23019234468397862,0.1678081729360777,positive,0.3333333333333333,0.0,cluster_061,True,
sol_research_20260506T062759Z,sol,macro_fed_funds_rate_z_365d,dollar_rates_only,fred_macro_daily,30,official_monthly,34,0.9444444444444444,0.26386554621848735,0.12174443444955999,positive,0.3333333333333333,0.05555555555555558,cluster_061,True,
sol_research_20260506T062759Z,sol,macro_reverse_repo,macro_liquidity_only,fred_macro_daily,30,official_monthly,36,1.0,0.3621621621621622,0.02347916174125142,positive,0.5555555555555556,0.0,cluster_062,True,
sol_research_20260506T062759Z,sol,macro_reverse_repo_chg_7d,macro_liquidity_only,fred_macro_daily,30,official_monthly,36,1.0,-0.09395109395109397,0.5821422873027264,negative,0.3333333333333333,0.0,cluster_082,True,
sol_research_20260506T062759Z,sol,macro_reverse_repo_chg_30d,macro_liquidity_only,fred_macro_daily,30,official_monthly,36,1.0,-0.1917631917631918,0.2545755169844837,negative,0.3333333333333333,0.0,cluster_083,True,
sol_research_20260506T062759Z,sol,macro_reverse_repo_chg_90d,macro_liquidity_only,fred_macro_daily,30,official_monthly,36,1.0,-0.2056628056628057,0.22042246663734796,negative,0.4444444444444444,0.0,cluster_084,True,
sol_research_20260506T062759Z,sol,macro_reverse_repo_z_365d,macro_liquidity_only,fred_macro_daily,30,official_monthly,36,1.0,-0.10836550836550837,0.5250259950131551,negative,0.3333333333333333,0.0,cluster_085,True,
sol_research_20260506T062759Z,sol,macro_treasury_general_account,macro_liquidity_only,fred_macro_monthly,30,official_monthly,36,1.0,-0.16396396396396398,0.3324540987637229,negative,0.1111111111111111,0.0,cluster_086,True,
sol_research_20260506T062759Z,sol,macro_treasury_general_account_chg_7d,macro_liquidity_only,fred_macro_monthly,30,official_monthly,36,1.0,-0.09034749034749036,0.5968226409405213,negative,0.7777777777777778,0.0,cluster_087,True,
sol_research_20260506T062759Z,sol,macro_treasury_general_account_chg_30d,macro_liquidity_only,fred_macro_monthly,30,official_monthly,36,1.0,-0.1868725868725869,0.2673506934851727,negative,0.5555555555555556,0.0,cluster_088,True,
sol_research_20260506T062759Z,sol,macro_treasury_general_account_chg_90d,macro_liquidity_only,fred_macro_monthly,30,official_monthly,36,1.0,-0.0061776061776061784,0.9712648074607735,negative,0.1111111111111111,0.0,cluster_089,False,weak_ic
sol_research_20260506T062759Z,sol,macro_treasury_general_account_z_365d,macro_liquidity_only,fred_macro_monthly,30,official_monthly,36,1.0,0.04118404118404118,0.8100619765792485,positive,0.3333333333333333,0.0,cluster_090,False,weak_ic
sol_research_20260506T062759Z,sol,macro_trade_weighted_usd,dollar_rates_only,fred_macro_daily,30,official_monthly,36,1.0,0.07438867438867439,0.6635900680169247,positive,0.7777777777777778,0.0,cluster_091,True,
sol_research_20260506T062759Z,sol,macro_trade_weighted_usd_chg_7d,dollar_rates_only,fred_macro_daily,30,official_monthly,36,1.0,0.1052767052767053,0.5370410046838856,positive,0.5555555555555556,0.0,cluster_092,True,
sol_research_20260506T062759Z,sol,macro_trade_weighted_usd_chg_30d,dollar_rates_only,fred_macro_daily,30,official_monthly,36,1.0,0.17889317889317893,0.28904431330468394,positive,0.5555555555555556,0.0,cluster_042,True,
sol_research_20260506T062759Z,sol,macro_trade_weighted_usd_chg_90d,dollar_rates_only,fred_macro_daily,30,official_monthly,36,1.0,0.020334620334620336,0.9055964528012014,positive,0.3333333333333333,0.0,cluster_093,False,weak_ic
sol_research_20260506T062759Z,sol,macro_trade_weighted_usd_z_365d,dollar_rates_only,fred_macro_daily,30,official_monthly,36,1.0,0.17503217503217505,0.299919243127901,positive,1.0,0.0,cluster_091,True,
sol_research_20260506T062759Z,sol,macro_us_10y_2y_spread_calc,dollar_rates_only,fred_macro_daily,30,official_monthly,36,1.0,-0.24819774252093363,0.1351817523670909,negative,0.3333333333333333,0.0,cluster_062,True,
sol_research_20260506T062759Z,sol,macro_us_10y_2y_spread_calc_chg_30d,dollar_rates_only,fred_macro_daily,30,official_monthly,36,1.0,0.19669177170419483,0.24210122522260813,positive,0.7777777777777778,0.0,cluster_064,True,
sol_research_20260506T062759Z,sol,macro_us_10y_3m_spread_calc,dollar_rates_only,fred_macro_daily,30,official_monthly,36,1.0,-0.19989702830030148,0.2342037424939502,negative,0.3333333333333333,0.0,cluster_094,True,
sol_research_20260506T062759Z,sol,macro_us_10y_3m_spread_calc_chg_30d,dollar_rates_only,fred_macro_daily,30,official_monthly,36,1.0,0.2420341290472522,0.14579775696055985,positive,0.5555555555555556,0.0,cluster_095,True,
sol_research_20260506T062759Z,sol,macro_fed_balance_sheet_ret_30d,macro_liquidity_only,fred_macro_monthly,30,official_monthly,36,1.0,-0.293951093951094,0.07293468976513831,negative,1.0,0.0,cluster_096,True,
sol_research_20260506T062759Z,sol,macro_fed_balance_sheet_ret_90d,macro_liquidity_only,fred_macro_monthly,30,official_monthly,36,1.0,-0.25250965250965257,0.1280886005529395,negative,1.0,0.0,cluster_097,True,
sol_research_20260506T062759Z,sol,macro_fed_balance_sheet_z_365d,macro_liquidity_only,fred_macro_monthly,30,official_monthly,36,1.0,-0.38507078507078507,0.0149767633327453,negative,1.0,0.0,cluster_097,True,
sol_research_20260506T062759Z,sol,macro_m2_money_supply_ret_30d,macro_liquidity_only,fred_macro_monthly,30,official_monthly,36,1.0,0.05998584137052014,0.7260343573786076,positive,0.7777777777777778,0.0,cluster_098,True,
sol_research_20260506T062759Z,sol,macro_m2_money_supply_ret_90d,macro_liquidity_only,fred_macro_monthly,30,official_monthly,36,1.0,-0.22136422136422135,0.18563556728500827,negative,0.5555555555555556,0.0,cluster_099,True,
sol_research_20260506T062759Z,sol,macro_m2_money_supply_z_365d,macro_liquidity_only,fred_macro_monthly,30,official_monthly,36,1.0,-0.08056628056628058,0.6374192210749408,negative,0.1111111111111111,0.0,cluster_100,True,
sol_research_20260506T062759Z,sol,macro_treasury_general_account_ret_30d,macro_liquidity_only,fred_macro_monthly,30,official_monthly,36,1.0,-0.11917631917631917,0.48399007374986197,negative,0.7777777777777778,0.0,cluster_101,True,
sol_research_20260506T062759Z,sol,macro_treasury_general_account_ret_90d,macro_liquidity_only,fred_macro_monthly,30,official_monthly,36,1.0,0.03912483912483913,0.8194053560951474,positive,0.3333333333333333,0.0,cluster_089,False,weak_ic
sol_research_20260506T062759Z,sol,sentiment_fear_greed,price_momentum_only,manual_csv,30,official_monthly,36,1.0,0.08801553699879565,0.6064035885432546,positive,0.5555555555555556,0.0,cluster_023,True,
sol_research_20260506T062759Z,sol,sentiment_fear_greed_chg_7d,price_momentum_only,manual_csv,30,official_monthly,36,1.0,-0.004512351319808724,0.9790088255056313,negative,0.3333333333333333,0.0,cluster_102,False,weak_ic
sol_research_20260506T062759Z,sol,sentiment_fear_greed_chg_30d,price_momentum_only,manual_csv,30,official_monthly,36,1.0,0.08734866788301683,0.609154940935263,positive,0.5555555555555556,0.0,cluster_103,True,
sol_research_20260506T062759Z,sol,sentiment_extreme_greed,price_momentum_only,manual_csv,30,official_monthly,36,1.0,-0.15224864609734226,0.36906515569195314,negative,1.0,0.0,cluster_104,True,
sol_research_20260506T062759Z,sol,sentiment_extreme_fear,price_momentum_only,manual_csv,30,official_monthly,36,1.0,-0.1650843306967693,0.32906946742760007,negative,1.0,0.0,cluster_105,True,
sol_research_20260506T062759Z,sol,sentiment_fear_greed_z_365d,price_momentum_only,manual_csv,30,official_monthly,36,1.0,0.1425997425997426,0.4008649548796127,positive,0.7777777777777778,0.0,cluster_106,True,
sol_research_20260506T062759Z,sol,cycle_days_since_halving,price_momentum_only,price,30,official_monthly,36,1.0,0.13487773487773488,0.42735939495970116,positive,0.3333333333333333,0.0,cluster_100,True,
sol_research_20260506T062759Z,sol,cycle_progress,price_momentum_only,price,30,official_monthly,36,1.0,0.13487773487773488,0.42735939495970116,positive,0.3333333333333333,0.0,cluster_100,True,
sol_research_20260506T062759Z,sol,cycle_sin_4y,price_momentum_only,price,30,official_monthly,36,1.0,-0.17863577863577867,0.2897616464071402,negative,0.5555555555555556,0.0,cluster_107,True,
sol_research_20260506T062759Z,sol,cycle_cos_4y,price_momentum_only,price,30,official_monthly,36,1.0,0.30090090090090094,0.06579707438115451,positive,1.0,0.0,cluster_058,True,
sol_research_20260506T062759Z,sol,cycle_month_sin,price_momentum_only,price,30,official_monthly,36,1.0,-0.14743141366758217,0.38475773343913033,negative,0.5555555555555556,0.0,cluster_108,True,
sol_research_20260506T062759Z,sol,cycle_month_cos,price_momentum_only,price,30,official_monthly,36,1.0,-0.050825039974877015,0.766663580326629,negative,0.1111111111111111,0.0,cluster_109,True,
sol_research_20260506T062759Z,sol,stablecoins_supply_log,stablecoins_only,stablecoins,30,official_monthly,36,1.0,-0.36653796653796655,0.02161084065071934,negative,1.0,0.0,cluster_051,True,
sol_research_20260506T062759Z,sol,stablecoins_supply_chg_30d,stablecoins_only,stablecoins,30,official_monthly,36,1.0,-0.06023166023166024,0.7249532205401743,negative,0.5555555555555556,0.0,cluster_110,True,
sol_research_20260506T062759Z,sol,stablecoins_supply_chg_90d,stablecoins_only,stablecoins,30,official_monthly,36,1.0,-0.17992277992277994,0.28618593543306403,negative,0.5555555555555556,0.0,cluster_110,True,
sol_research_20260506T062759Z,sol,stablecoins_supply_z_365d,stablecoins_only,stablecoins,30,official_monthly,36,1.0,-0.19099099099099098,0.25656634033182407,negative,0.5555555555555556,0.0,cluster_111,True,
sol_research_20260506T062759Z,sol,solana_ecosystem_stablecoin_supply_log,sol_ecosystem_only,solana_ecosystem,30,official_monthly,36,1.0,-0.37734877734877736,0.0175036470949558,negative,1.0,0.0,cluster_058,True,
sol_research_20260506T062759Z,sol,solana_ecosystem_stablecoin_supply_chg_7d,sol_ecosystem_only,solana_ecosystem,30,official_monthly,36,1.0,0.1281853281853282,0.45105340462642174,positive,0.3333333333333333,0.0,cluster_112,True,
sol_research_20260506T062759Z,sol,solana_ecosystem_stablecoin_supply_chg_30d,sol_ecosystem_only,solana_ecosystem,30,official_monthly,36,1.0,-0.10888030888030889,0.5230357859574324,negative,0.7777777777777778,0.0,cluster_113,True,
sol_research_20260506T062759Z,sol,solana_ecosystem_stablecoin_supply_chg_90d,sol_ecosystem_only,solana_ecosystem,30,official_monthly,36,1.0,-0.14774774774774774,0.3837159687497093,negative,0.5555555555555556,0.0,cluster_114,True,
sol_research_20260506T062759Z,sol,solana_ecosystem_stablecoin_supply_z_180d,sol_ecosystem_only,solana_ecosystem,30,official_monthly,36,1.0,-0.20437580437580435,0.22345138251181162,negative,0.5555555555555556,0.0,cluster_114,True,
sol_research_20260506T062759Z,sol,solana_ecosystem_tvl_log,sol_ecosystem_only,solana_ecosystem,30,official_monthly,36,1.0,-0.3889317889317889,0.013829673326781613,negative,0.5555555555555556,0.0,cluster_062,True,
sol_research_20260506T062759Z,sol,solana_ecosystem_tvl_chg_7d,sol_ecosystem_only,solana_ecosystem,30,official_monthly,36,1.0,0.3011583011583012,0.06554329209268858,positive,1.0,0.0,cluster_115,True,
sol_research_20260506T062759Z,sol,solana_ecosystem_tvl_chg_30d,sol_ecosystem_only,solana_ecosystem,30,official_monthly,36,1.0,-0.12715572715572715,0.4547578116252304,negative,0.3333333333333333,0.0,cluster_004,True,
sol_research_20260506T062759Z,sol,solana_ecosystem_tvl_chg_90d,sol_ecosystem_only,solana_ecosystem,30,official_monthly,36,1.0,0.09549549549549549,0.5758982374300909,positive,1.0,0.0,cluster_006,True,
sol_research_20260506T062759Z,sol,solana_ecosystem_tvl_z_180d,sol_ecosystem_only,solana_ecosystem,30,official_monthly,36,1.0,0.16138996138996142,0.3403076467421909,positive,1.0,0.0,cluster_116,True,
sol_research_20260506T062759Z,sol,solana_ecosystem_dex_volume_log,sol_ecosystem_only,solana_ecosystem,30,official_monthly,36,1.0,-0.3541827541827542,0.02721793450012054,negative,0.5555555555555556,0.0,cluster_117,True,
sol_research_20260506T062759Z,sol,solana_ecosystem_dex_volume_chg_7d,sol_ecosystem_only,solana_ecosystem,30,official_monthly,36,1.0,0.11840411840411841,0.4868674321240223,positive,0.7777777777777778,0.0,cluster_118,True,
sol_research_20260506T062759Z,sol,solana_ecosystem_dex_volume_chg_30d,sol_ecosystem_only,solana_ecosystem,30,official_monthly,36,1.0,0.07027027027027027,0.6812500195890595,positive,0.3333333333333333,0.0,cluster_119,True,
sol_research_20260506T062759Z,sol,solana_ecosystem_dex_volume_chg_90d,sol_ecosystem_only,solana_ecosystem,30,official_monthly,36,1.0,0.1446589446589447,0.39395553229778035,positive,0.3333333333333333,0.0,cluster_120,True,
sol_research_20260506T062759Z,sol,solana_ecosystem_dex_volume_z_180d,sol_ecosystem_only,solana_ecosystem,30,official_monthly,36,1.0,0.12458172458172458,0.4640868799444671,positive,0.3333333333333333,0.0,cluster_121,True,
sol_research_20260506T062759Z,sol,solana_ecosystem_fees_revenue_log,sol_ecosystem_only,solana_ecosystem,30,official_monthly,36,1.0,-0.33873873873873883,0.03579243810290003,negative,0.5555555555555556,0.0,cluster_099,True,
sol_research_20260506T062759Z,sol,solana_ecosystem_fees_revenue_chg_7d,sol_ecosystem_only,solana_ecosystem,30,official_monthly,36,1.0,0.059202059202059204,0.7294848294081341,positive,0.7777777777777778,0.0,cluster_122,True,
sol_research_20260506T062759Z,sol,solana_ecosystem_fees_revenue_chg_30d,sol_ecosystem_only,solana_ecosystem,30,official_monthly,36,1.0,0.0453024453024453,0.7914502439330517,positive,0.3333333333333333,0.0,cluster_123,False,weak_ic
sol_research_20260506T062759Z,sol,solana_ecosystem_fees_revenue_chg_90d,sol_ecosystem_only,solana_ecosystem,30,official_monthly,36,1.0,0.11969111969111969,0.4820765250931456,positive,1.0,0.0,cluster_124,True,
sol_research_20260506T062759Z,sol,solana_ecosystem_fees_revenue_z_180d,sol_ecosystem_only,solana_ecosystem,30,official_monthly,36,1.0,0.09111969111969112,0.5936639366368499,positive,0.7777777777777778,0.0,cluster_125,True,
sol_research_20260506T062759Z,sol,trend_log_price,price_momentum_only,price,90,official_quarterly,11,1.0,-0.5363636363636364,0.056580804401626016,negative,1.0,0.0,cluster_001,False,below_sample_threshold
sol_research_20260506T062759Z,sol,momentum_ret_7d,price_momentum_only,price,90,official_quarterly,11,1.0,0.05454545454545456,0.8698253488445786,positive,1.0,0.0,cluster_002,False,below_sample_threshold
sol_research_20260506T062759Z,sol,momentum_ret_14d,price_momentum_only,price,90,official_quarterly,11,1.0,0.6818181818181819,0.005171316004174985,positive,1.0,0.0,cluster_003,False,below_sample_threshold
sol_research_20260506T062759Z,sol,momentum_ret_30d,price_momentum_only,price,90,official_quarterly,11,1.0,0.4000000000000001,0.19043026382552408,positive,1.0,0.0,cluster_004,False,below_sample_threshold
sol_research_20260506T062759Z,sol,momentum_ret_60d,price_momentum_only,price,90,official_quarterly,11,1.0,-0.11818181818181818,0.7210561308291594,negative,1.0,0.0,cluster_005,False,below_sample_threshold
sol_research_20260506T062759Z,sol,momentum_ret_90d,price_momentum_only,price,90,official_quarterly,11,1.0,0.02727272727272728,0.9347670869671734,positive,0.0,0.0,cluster_005,False,below_sample_threshold; weak_ic
sol_research_20260506T062759Z,sol,momentum_ret_180d,price_momentum_only,price,90,official_quarterly,11,1.0,-0.29090909090909095,0.3616748397811141,negative,1.0,0.0,cluster_006,False,below_sample_threshold
sol_research_20260506T062759Z,sol,momentum_ret_365d,price_momentum_only,price,90,official_quarterly,11,1.0,0.009090909090909092,0.9782413103432446,positive,0.0,0.0,cluster_007,False,below_sample_threshold; weak_ic
sol_research_20260506T062759Z,sol,trend_dist_sma_10d,price_momentum_only,price,90,official_quarterly,11,1.0,0.13636363636363638,0.6796444772140986,positive,1.0,0.0,cluster_002,False,below_sample_threshold
sol_research_20260506T062759Z,sol,trend_dist_sma_20d,price_momentum_only,price,90,official_quarterly,11,1.0,0.6181818181818182,0.01830613609782715,positive,1.0,0.0,cluster_003,False,below_sample_threshold
sol_research_20260506T062759Z,sol,trend_dist_sma_50d,price_momentum_only,price,90,official_quarterly,11,1.0,0.3727272727272728,0.22819789754225175,positive,1.0,0.0,cluster_004,False,below_sample_threshold
sol_research_20260506T062759Z,sol,trend_dist_sma_100d,price_momentum_only,price,90,official_quarterly,11,1.0,0.16363636363636366,0.618754299803,positive,0.0,0.0,cluster_008,False,below_sample_threshold
sol_research_20260506T062759Z,sol,trend_dist_sma_200d,price_momentum_only,price,90,official_quarterly,11,1.0,-0.11818181818181818,0.7210561308291594,negative,1.0,0.0,cluster_005,False,below_sample_threshold
sol_research_20260506T062759Z,sol,trend_macd_pct,price_momentum_only,price,90,official_quarterly,11,1.0,0.41818181818181827,0.16724657806258808,positive,1.0,0.0,cluster_004,False,below_sample_threshold
sol_research_20260506T062759Z,sol,trend_macd_signal_pct,price_momentum_only,price,90,official_quarterly,11,1.0,0.26363636363636367,0.4122640146792471,positive,1.0,0.0,cluster_004,False,below_sample_threshold
sol_research_20260506T062759Z,sol,momentum_rsi_14d,price_momentum_only,price,90,official_quarterly,11,1.0,0.4727272727272727,0.10753773434719319,positive,1.0,0.0,cluster_009,False,below_sample_threshold
sol_research_20260506T062759Z,sol,volatility_realized_7d,price_momentum_only,price,90,official_quarterly,11,1.0,-0.009090909090909092,0.9782413103432446,negative,0.5,0.0,cluster_010,False,below_sample_threshold; weak_ic
sol_research_20260506T062759Z,sol,volatility_realized_14d,price_momentum_only,price,90,official_quarterly,11,1.0,-0.09090909090909091,0.7841912294016191,negative,1.0,0.0,cluster_011,False,below_sample_threshold
sol_research_20260506T062759Z,sol,volatility_realized_30d,price_momentum_only,price,90,official_quarterly,11,1.0,-0.10000000000000002,0.763024600552995,negative,1.0,0.0,cluster_011,False,below_sample_threshold
sol_research_20260506T062759Z,sol,volatility_realized_90d,price_momentum_only,price,90,official_quarterly,11,1.0,0.13636363636363638,0.6796444772140986,positive,1.0,0.0,cluster_012,False,below_sample_threshold
sol_research_20260506T062759Z,sol,volatility_drawdown_90d,price_momentum_only,price,90,official_quarterly,11,1.0,0.045454545454545456,0.891422288274256,positive,0.0,0.0,cluster_008,False,below_sample_threshold; weak_ic
sol_research_20260506T062759Z,sol,volatility_drawdown_365d,price_momentum_only,price,90,official_quarterly,11,1.0,-0.07272727272727274,0.826836129521151,negative,1.0,0.0,cluster_005,False,below_sample_threshold
sol_research_20260506T062759Z,sol,trend_dist_ath,price_momentum_only,price,90,official_quarterly,11,1.0,-0.5363636363636364,0.056580804401626016,negative,1.0,0.0,cluster_001,False,below_sample_threshold
sol_research_20260506T062759Z,sol,volatility_intraday_range,price_momentum_only,price,90,official_quarterly,11,1.0,0.41818181818181827,0.16724657806258808,positive,1.0,0.0,cluster_013,False,below_sample_threshold
sol_research_20260506T062759Z,sol,volume_log,price_momentum_only,price,90,official_quarterly,11,1.0,-0.2545454545454546,0.4297341355822573,negative,1.0,0.0,cluster_014,False,below_sample_threshold
sol_research_20260506T062759Z,sol,volume_z_30d,price_momentum_only,price,90,official_quarterly,11,1.0,0.03636363636363637,0.9130731218003435,positive,1.0,0.0,cluster_015,False,below_sample_threshold; weak_ic
sol_research_20260506T062759Z,sol,volume_z_90d,price_momentum_only,price,90,official_quarterly,11,1.0,-0.22727272727272727,0.4838398513935682,negative,1.0,0.0,cluster_015,False,below_sample_threshold
sol_research_20260506T062759Z,sol,volume_trend_30d,price_momentum_only,price,90,official_quarterly,11,1.0,0.45454545454545453,0.12578642463894005,positive,1.0,0.0,cluster_016,False,below_sample_threshold
sol_research_20260506T062759Z,sol,cross_asset_btc_ret_1d,risk_assets_only,price,90,official_quarterly,11,1.0,-0.33636363636363636,0.28393280033986595,negative,1.0,0.0,cluster_017,False,below_sample_threshold
sol_research_20260506T062759Z,sol,cross_asset_btc_ret_7d,risk_assets_only,price,90,official_quarterly,11,1.0,-0.03636363636363637,0.9130731218003435,negative,0.0,0.0,cluster_018,False,below_sample_threshold; weak_ic
sol_research_20260506T062759Z,sol,cross_asset_btc_ret_30d,risk_assets_only,price,90,official_quarterly,11,1.0,0.17272727272727276,0.5988263011341259,positive,1.0,0.0,cluster_019,False,below_sample_threshold
sol_research_20260506T062759Z,sol,cross_asset_btc_z_365d,risk_assets_only,price,90,official_quarterly,11,1.0,-0.09090909090909091,0.7841912294016191,negative,1.0,0.0,cluster_020,False,below_sample_threshold
sol_research_20260506T062759Z,sol,cross_asset_eth_ret_1d,risk_assets_only,price,90,official_quarterly,11,1.0,-0.27272727272727276,0.39509158490415014,negative,1.0,0.0,cluster_021,False,below_sample_threshold
sol_research_20260506T062759Z,sol,cross_asset_eth_ret_7d,risk_assets_only,price,90,official_quarterly,11,1.0,0.23636363636363636,0.46553129925510733,positive,1.0,0.0,cluster_022,False,below_sample_threshold
sol_research_20260506T062759Z,sol,cross_asset_eth_ret_30d,risk_assets_only,price,90,official_quarterly,11,1.0,0.33636363636363636,0.28393280033986595,positive,1.0,0.0,cluster_004,False,below_sample_threshold
sol_research_20260506T062759Z,sol,cross_asset_eth_z_365d,risk_assets_only,price,90,official_quarterly,11,1.0,-0.29090909090909095,0.3616748397811141,negative,1.0,0.0,cluster_006,False,below_sample_threshold
sol_research_20260506T062759Z,sol,cross_asset_spx_ret_1d,risk_assets_only,price,90,official_quarterly,11,1.0,-0.11896358330318636,0.719263491812445,negative,0.0,0.0,cluster_023,False,below_sample_threshold
sol_research_20260506T062759Z,sol,cross_asset_spx_ret_7d,risk_assets_only,price,90,official_quarterly,11,1.0,0.2545454545454546,0.4297341355822573,positive,1.0,0.0,cluster_024,False,below_sample_threshold
sol_research_20260506T062759Z,sol,cross_asset_spx_ret_30d,risk_assets_only,price,90,official_quarterly,11,1.0,0.05454545454545456,0.8698253488445786,positive,1.0,0.0,cluster_025,False,below_sample_threshold
sol_research_20260506T062759Z,sol,cross_asset_spx_z_365d,risk_assets_only,price,90,official_quarterly,11,1.0,-0.19090909090909092,0.5595847522656794,negative,1.0,0.0,cluster_026,False,below_sample_threshold
sol_research_20260506T062759Z,sol,cross_asset_nasdaq_ret_1d,risk_assets_only,price,90,official_quarterly,11,1.0,0.33706348602569464,0.2828041751741828,positive,1.0,0.0,cluster_027,False,below_sample_threshold
sol_research_20260506T062759Z,sol,cross_asset_nasdaq_ret_7d,risk_assets_only,price,90,official_quarterly,11,1.0,0.6363636363636364,0.013328328780817562,positive,1.0,0.0,cluster_028,False,below_sample_threshold
sol_research_20260506T062759Z,sol,cross_asset_nasdaq_ret_30d,risk_assets_only,price,90,official_quarterly,11,1.0,0.09090909090909091,0.7841912294016191,positive,1.0,0.0,cluster_025,False,below_sample_threshold
sol_research_20260506T062759Z,sol,cross_asset_nasdaq_z_365d,risk_assets_only,price,90,official_quarterly,11,1.0,-0.3727272727272728,0.22819789754225175,negative,1.0,0.0,cluster_026,False,below_sample_threshold
sol_research_20260506T062759Z,sol,cross_asset_gold_ret_1d,risk_assets_only,price,90,official_quarterly,11,1.0,-0.38663164573535563,0.20849989990912154,negative,1.0,0.0,cluster_029,False,below_sample_threshold
sol_research_20260506T062759Z,sol,cross_asset_gold_ret_7d,risk_assets_only,price,90,official_quarterly,11,1.0,-0.3272727272727273,0.2987870228060358,negative,1.0,0.0,cluster_030,False,below_sample_threshold
sol_research_20260506T062759Z,sol,cross_asset_gold_ret_30d,risk_assets_only,price,90,official_quarterly,11,1.0,-0.3454545454545455,0.26944022765884346,negative,1.0,0.0,cluster_031,False,below_sample_threshold
sol_research_20260506T062759Z,sol,cross_asset_gold_z_365d,risk_assets_only,price,90,official_quarterly,11,1.0,-0.2545454545454546,0.4297341355822573,negative,1.0,0.0,cluster_030,False,below_sample_threshold
sol_research_20260506T062759Z,sol,cross_asset_tlt_ret_1d,risk_assets_only,price,90,official_quarterly,11,1.0,-0.12887721524511853,0.6966230262651747,negative,1.0,0.0,cluster_032,False,below_sample_threshold
sol_research_20260506T062759Z,sol,cross_asset_tlt_ret_7d,risk_assets_only,price,90,official_quarterly,11,1.0,-0.44545454545454555,0.13553254566293554,negative,1.0,0.0,cluster_033,False,below_sample_threshold
sol_research_20260506T062759Z,sol,cross_asset_tlt_ret_30d,risk_assets_only,price,90,official_quarterly,11,1.0,0.05454545454545456,0.8698253488445786,positive,1.0,0.0,cluster_034,False,below_sample_threshold
sol_research_20260506T062759Z,sol,cross_asset_tlt_z_365d,risk_assets_only,price,90,official_quarterly,11,1.0,-0.20909090909090913,0.5212295558761975,negative,1.0,0.0,cluster_035,False,below_sample_threshold
sol_research_20260506T062759Z,sol,macro_dxy_ret_1d,dollar_rates_only,fred_macro_daily,90,official_quarterly,11,1.0,-0.27758169437410146,0.38604672049577643,negative,1.0,0.0,cluster_027,False,below_sample_threshold
sol_research_20260506T062759Z,sol,macro_dxy_ret_7d,dollar_rates_only,fred_macro_daily,90,official_quarterly,11,1.0,-0.5181818181818182,0.06912425079610535,negative,1.0,0.0,cluster_036,False,below_sample_threshold
sol_research_20260506T062759Z,sol,macro_dxy_ret_30d,dollar_rates_only,fred_macro_daily,90,official_quarterly,11,1.0,-0.28181818181818186,0.3782256564137934,negative,1.0,0.0,cluster_037,False,below_sample_threshold
sol_research_20260506T062759Z,sol,macro_dxy_z_365d,dollar_rates_only,fred_macro_daily,90,official_quarterly,11,1.0,-0.3272727272727273,0.2987870228060358,negative,1.0,0.0,cluster_038,False,below_sample_threshold
sol_research_20260506T062759Z,sol,macro_vix_ret_1d,risk_assets_only,fred_macro_daily,90,official_quarterly,11,1.0,-0.5155088609804741,0.07110198508567131,negative,1.0,0.0,cluster_039,False,below_sample_threshold
sol_research_20260506T062759Z,sol,macro_vix_ret_7d,risk_assets_only,fred_macro_daily,90,official_quarterly,11,1.0,-0.17272727272727276,0.5988263011341259,negative,1.0,0.0,cluster_040,False,below_sample_threshold
sol_research_20260506T062759Z,sol,macro_vix_ret_30d,risk_assets_only,fred_macro_daily,90,official_quarterly,11,1.0,0.06363636363636364,0.848293052061898,positive,0.5,0.0,cluster_041,False,below_sample_threshold
sol_research_20260506T062759Z,sol,macro_vix_z_365d,risk_assets_only,fred_macro_daily,90,official_quarterly,11,1.0,0.09090909090909091,0.7841912294016191,positive,0.5,0.0,cluster_042,False,below_sample_threshold
sol_research_20260506T062759Z,sol,macro_us_10y_yield,dollar_rates_only,fred_macro_daily,90,official_quarterly,11,1.0,0.0,1.0,flat,0.75,0.0,cluster_043,False,below_sample_threshold; weak_ic
sol_research_20260506T062759Z,sol,macro_us_10y_yield_chg_7d,dollar_rates_only,fred_macro_daily,90,official_quarterly,11,1.0,-0.19090909090909092,0.5595847522656794,negative,1.0,0.0,cluster_044,False,below_sample_threshold
sol_research_20260506T062759Z,sol,macro_us_10y_yield_chg_30d,dollar_rates_only,fred_macro_daily,90,official_quarterly,11,1.0,-0.27272727272727276,0.39509158490415014,negative,1.0,0.0,cluster_045,False,below_sample_threshold
sol_research_20260506T062759Z,sol,macro_us_10y_yield_chg_90d,dollar_rates_only,fred_macro_daily,90,official_quarterly,11,1.0,-0.23636363636363636,0.46553129925510733,negative,1.0,0.0,cluster_046,False,below_sample_threshold
sol_research_20260506T062759Z,sol,macro_us_10y_yield_z_365d,dollar_rates_only,fred_macro_daily,90,official_quarterly,11,1.0,0.11818181818181818,0.7210561308291594,positive,0.0,0.0,cluster_035,False,below_sample_threshold
sol_research_20260506T062759Z,sol,macro_us_2y_yield,dollar_rates_only,fred_macro_daily,90,official_quarterly,11,1.0,0.2545454545454546,0.4297341355822573,positive,0.5,0.0,cluster_047,False,below_sample_threshold
sol_research_20260506T062759Z,sol,macro_us_2y_yield_chg_7d,dollar_rates_only,fred_macro_daily,90,official_quarterly,11,1.0,-0.6287032256579232,0.015291056520296118,negative,1.0,0.0,cluster_048,False,below_sample_threshold
sol_research_20260506T062759Z,sol,macro_us_2y_yield_chg_30d,dollar_rates_only,fred_macro_daily,90,official_quarterly,11,1.0,-0.4510262271024232,0.12951015456565795,negative,1.0,0.0,cluster_049,False,below_sample_threshold
sol_research_20260506T062759Z,sol,macro_us_2y_yield_chg_90d,dollar_rates_only,fred_macro_daily,90,official_quarterly,11,1.0,-0.41818181818181827,0.16724657806258808,negative,1.0,0.0,cluster_046,False,below_sample_threshold
sol_research_20260506T062759Z,sol,macro_us_2y_yield_z_365d,dollar_rates_only,fred_macro_daily,90,official_quarterly,11,1.0,0.17272727272727276,0.5988263011341259,positive,0.0,0.0,cluster_047,False,below_sample_threshold
sol_research_20260506T062759Z,sol,macro_real_10y_yield,dollar_rates_only,fred_macro_daily,90,official_quarterly,11,1.0,0.0,1.0,flat,0.75,0.0,cluster_043,False,below_sample_threshold; weak_ic
sol_research_20260506T062759Z,sol,macro_real_10y_yield_chg_7d,dollar_rates_only,fred_macro_daily,90,official_quarterly,11,1.0,-0.15945371665237182,0.6279878476058149,negative,1.0,0.0,cluster_044,False,below_sample_threshold
sol_research_20260506T062759Z,sol,macro_real_10y_yield_chg_30d,dollar_rates_only,fred_macro_daily,90,official_quarterly,11,1.0,-0.3006841514016155,0.34423963666652385,negative,1.0,0.0,cluster_045,False,below_sample_threshold
sol_research_20260506T062759Z,sol,macro_real_10y_yield_chg_90d,dollar_rates_only,fred_macro_daily,90,official_quarterly,11,1.0,-0.28181818181818186,0.3782256564137934,negative,1.0,0.0,cluster_046,False,below_sample_threshold
sol_research_20260506T062759Z,sol,macro_real_10y_yield_z_365d,dollar_rates_only,fred_macro_daily,90,official_quarterly,11,1.0,0.10000000000000002,0.763024600552995,positive,0.0,0.0,cluster_046,False,below_sample_threshold
sol_research_20260506T062759Z,sol,macro_real_5y_yield,dollar_rates_only,fred_macro_daily,90,official_quarterly,11,1.0,0.2733492285469231,0.3939278338373913,positive,1.0,0.0,cluster_031,False,below_sample_threshold
sol_research_20260506T062759Z,sol,macro_real_5y_yield_chg_7d,dollar_rates_only,fred_macro_daily,90,official_quarterly,11,1.0,-0.18678863950706415,0.5684030559236133,negative,1.0,0.0,cluster_050,False,below_sample_threshold
sol_research_20260506T062759Z,sol,macro_real_5y_yield_chg_30d,dollar_rates_only,fred_macro_daily,90,official_quarterly,11,1.0,-0.5,0.08326451666355043,negative,1.0,0.0,cluster_039,False,below_sample_threshold
sol_research_20260506T062759Z,sol,macro_real_5y_yield_chg_90d,dollar_rates_only,fred_macro_daily,90,official_quarterly,11,1.0,-0.21818181818181823,0.5024091385671134,negative,1.0,0.0,cluster_051,False,below_sample_threshold
sol_research_20260506T062759Z,sol,macro_real_5y_yield_z_365d,dollar_rates_only,fred_macro_daily,90,official_quarterly,11,1.0,0.05454545454545456,0.8698253488445786,positive,0.0,0.0,cluster_052,False,below_sample_threshold
sol_research_20260506T062759Z,sol,macro_us_3m_bill_rate,dollar_rates_only,fred_macro_monthly,90,official_quarterly,11,1.0,0.6000000000000001,0.024448945310089388,positive,1.0,0.0,cluster_053,False,below_sample_threshold
sol_research_20260506T062759Z,sol,macro_us_3m_bill_rate_chg_7d,dollar_rates_only,fred_macro_monthly,90,official_quarterly,11,1.0,,,flat,,0.0,cluster_054,False,below_sample_threshold; weak_ic
sol_research_20260506T062759Z,sol,macro_us_3m_bill_rate_chg_30d,dollar_rates_only,fred_macro_monthly,90,official_quarterly,11,1.0,0.34168653568365387,0.27540280193201266,positive,1.0,0.0,cluster_055,False,below_sample_threshold
sol_research_20260506T062759Z,sol,macro_us_3m_bill_rate_chg_90d,dollar_rates_only,fred_macro_monthly,90,official_quarterly,11,1.0,0.39090909090909093,0.20262477879973123,positive,1.0,0.0,cluster_056,False,below_sample_threshold
sol_research_20260506T062759Z,sol,macro_us_3m_bill_rate_z_365d,dollar_rates_only,fred_macro_monthly,90,official_quarterly,11,1.0,0.3727272727272728,0.22819789754225175,positive,1.0,0.0,cluster_056,False,below_sample_threshold
sol_research_20260506T062759Z,sol,macro_us_10y_2y_spread,dollar_rates_only,fred_macro_daily,90,official_quarterly,11,1.0,-0.48181818181818187,0.09903468979475598,negative,1.0,0.0,cluster_053,False,below_sample_threshold
sol_research_20260506T062759Z,sol,macro_us_10y_2y_spread_chg_7d,dollar_rates_only,fred_macro_daily,90,official_quarterly,11,1.0,0.46575828027676763,0.11433636454358441,positive,1.0,0.0,cluster_057,False,below_sample_threshold
sol_research_20260506T062759Z,sol,macro_us_10y_2y_spread_chg_30d,dollar_rates_only,fred_macro_daily,90,official_quarterly,11,1.0,0.26363636363636367,0.4122640146792471,positive,1.0,0.0,cluster_058,False,below_sample_threshold
sol_research_20260506T062759Z,sol,macro_us_10y_2y_spread_chg_90d,dollar_rates_only,fred_macro_daily,90,official_quarterly,11,1.0,0.43636363636363645,0.1456923471351472,positive,1.0,0.0,cluster_059,False,below_sample_threshold
sol_research_20260506T062759Z,sol,macro_us_10y_2y_spread_z_365d,dollar_rates_only,fred_macro_daily,90,official_quarterly,11,1.0,-0.09090909090909091,0.7841912294016191,negative,0.0,0.0,cluster_060,False,below_sample_threshold
sol_research_20260506T062759Z,sol,macro_us_10y_breakeven,dollar_rates_only,fred_macro_daily,90,official_quarterly,11,1.0,-0.34168653568365387,0.27540280193201266,negative,1.0,0.0,cluster_061,False,below_sample_threshold
sol_research_20260506T062759Z,sol,macro_us_10y_breakeven_chg_7d,dollar_rates_only,fred_macro_daily,90,official_quarterly,11,1.0,-0.3264583478089091,0.3001351022576815,negative,1.0,0.0,cluster_062,False,below_sample_threshold
sol_research_20260506T062759Z,sol,macro_us_10y_breakeven_chg_30d,dollar_rates_only,fred_macro_daily,90,official_quarterly,11,1.0,-0.03678403918973623,0.9120708599282812,negative,1.0,0.0,cluster_034,False,below_sample_threshold; weak_ic
sol_research_20260506T062759Z,sol,macro_us_10y_breakeven_chg_90d,dollar_rates_only,fred_macro_daily,90,official_quarterly,11,1.0,-0.3872447404414744,0.20765243861366872,negative,1.0,0.0,cluster_063,False,below_sample_threshold
sol_research_20260506T062759Z,sol,macro_us_10y_breakeven_z_365d,dollar_rates_only,fred_macro_daily,90,official_quarterly,11,1.0,-0.38181818181818183,0.21521556758407534,negative,1.0,0.0,cluster_061,False,below_sample_threshold
sol_research_20260506T062759Z,sol,macro_inflation_expectations_5y5y,dollar_rates_only,fred_macro_daily,90,official_quarterly,11,1.0,-0.15068650244248366,0.6474691389331965,negative,1.0,0.0,cluster_064,False,below_sample_threshold
sol_research_20260506T062759Z,sol,macro_inflation_expectations_5y5y_chg_7d,dollar_rates_only,fred_macro_daily,90,official_quarterly,11,1.0,-0.11954812736664276,0.7179237704022778,negative,1.0,0.0,cluster_023,False,below_sample_threshold
sol_research_20260506T062759Z,sol,macro_inflation_expectations_5y5y_chg_30d,dollar_rates_only,fred_macro_daily,90,official_quarterly,11,1.0,-0.34168653568365387,0.27540280193201266,negative,1.0,0.0,cluster_065,False,below_sample_threshold
sol_research_20260506T062759Z,sol,macro_inflation_expectations_5y5y_chg_90d,dollar_rates_only,fred_macro_daily,90,official_quarterly,11,1.0,-0.02277910237891026,0.9455030079913709,negative,0.5,0.0,cluster_066,False,below_sample_threshold; weak_ic
sol_research_20260506T062759Z,sol,macro_inflation_expectations_5y5y_z_365d,dollar_rates_only,fred_macro_daily,90,official_quarterly,11,1.0,-0.13636363636363638,0.6796444772140986,negative,1.0,0.0,cluster_012,False,below_sample_threshold
sol_research_20260506T062759Z,sol,macro_financial_stress_index,risk_assets_only,fred_macro_daily,90,official_quarterly,11,1.0,-0.07272727272727274,0.826836129521151,negative,1.0,0.0,cluster_067,False,below_sample_threshold
sol_research_20260506T062759Z,sol,macro_financial_stress_index_chg_7d,risk_assets_only,fred_macro_daily,90,official_quarterly,11,1.0,0.28181818181818186,0.3782256564137934,positive,1.0,0.0,cluster_068,False,below_sample_threshold
sol_research_20260506T062759Z,sol,macro_financial_stress_index_chg_30d,risk_assets_only,fred_macro_daily,90,official_quarterly,11,1.0,0.17272727272727276,0.5988263011341259,positive,0.0,0.0,cluster_069,False,below_sample_threshold
sol_research_20260506T062759Z,sol,macro_financial_stress_index_chg_90d,risk_assets_only,fred_macro_daily,90,official_quarterly,11,1.0,0.10000000000000002,0.763024600552995,positive,1.0,0.0,cluster_069,False,below_sample_threshold
sol_research_20260506T062759Z,sol,macro_financial_stress_index_z_365d,risk_assets_only,fred_macro_daily,90,official_quarterly,11,1.0,-0.11818181818181818,0.7210561308291594,negative,1.0,0.0,cluster_070,False,below_sample_threshold
sol_research_20260506T062759Z,sol,macro_effective_fed_funds_rate,dollar_rates_only,fred_macro_daily,90,official_quarterly,11,1.0,0.5495926438185402,0.04843162975820416,positive,1.0,0.0,cluster_053,False,below_sample_threshold
sol_research_20260506T062759Z,sol,macro_effective_fed_funds_rate_chg_7d,dollar_rates_only,fred_macro_daily,90,official_quarterly,11,1.0,-0.5,0.08326451666355043,negative,1.0,0.0,cluster_071,False,below_sample_threshold
sol_research_20260506T062759Z,sol,macro_effective_fed_funds_rate_chg_30d,dollar_rates_only,fred_macro_daily,90,official_quarterly,11,1.0,0.526848336772998,0.06294869021111157,positive,1.0,0.0,cluster_072,False,below_sample_threshold
sol_research_20260506T062759Z,sol,macro_effective_fed_funds_rate_chg_90d,dollar_rates_only,fred_macro_daily,90,official_quarterly,11,1.0,0.5257203720113371,0.06373206113252308,positive,1.0,0.0,cluster_055,False,below_sample_threshold
sol_research_20260506T062759Z,sol,macro_effective_fed_funds_rate_z_365d,dollar_rates_only,fred_macro_daily,90,official_quarterly,11,1.0,0.41818181818181827,0.16724657806258808,positive,1.0,0.0,cluster_060,False,below_sample_threshold
sol_research_20260506T062759Z,sol,macro_fed_funds_rate,dollar_rates_only,fred_macro_daily,90,official_quarterly,11,1.0,0.5495926438185402,0.04843162975820416,positive,1.0,0.0,cluster_053,False,below_sample_threshold
sol_research_20260506T062759Z,sol,macro_fed_funds_rate_chg_7d,dollar_rates_only,fred_macro_daily,90,official_quarterly,11,1.0,-0.5,0.08326451666355043,negative,1.0,0.0,cluster_071,False,below_sample_threshold
sol_research_20260506T062759Z,sol,macro_fed_funds_rate_chg_30d,dollar_rates_only,fred_macro_daily,90,official_quarterly,11,1.0,0.526848336772998,0.06294869021111157,positive,1.0,0.0,cluster_072,False,below_sample_threshold
sol_research_20260506T062759Z,sol,macro_fed_funds_rate_chg_90d,dollar_rates_only,fred_macro_daily,90,official_quarterly,11,1.0,0.5257203720113371,0.06373206113252308,positive,1.0,0.0,cluster_055,False,below_sample_threshold
sol_research_20260506T062759Z,sol,macro_fed_funds_rate_z_365d,dollar_rates_only,fred_macro_daily,90,official_quarterly,11,1.0,0.41818181818181827,0.16724657806258808,positive,1.0,0.0,cluster_060,False,below_sample_threshold
sol_research_20260506T062759Z,sol,macro_reverse_repo,macro_liquidity_only,fred_macro_daily,90,official_quarterly,11,1.0,0.5727272727272729,0.036082813731616856,positive,1.0,0.0,cluster_053,False,below_sample_threshold
sol_research_20260506T062759Z,sol,macro_reverse_repo_chg_7d,macro_liquidity_only,fred_macro_daily,90,official_quarterly,11,1.0,-0.14545454545454548,0.6591737034876037,negative,0.0,0.0,cluster_073,False,below_sample_threshold
sol_research_20260506T062759Z,sol,macro_reverse_repo_chg_30d,macro_liquidity_only,fred_macro_daily,90,official_quarterly,11,1.0,-0.16363636363636366,0.618754299803,negative,0.0,0.0,cluster_074,False,below_sample_threshold
sol_research_20260506T062759Z,sol,macro_reverse_repo_chg_90d,macro_liquidity_only,fred_macro_daily,90,official_quarterly,11,1.0,-0.20909090909090913,0.5212295558761975,negative,0.0,0.0,cluster_075,False,below_sample_threshold
sol_research_20260506T062759Z,sol,macro_reverse_repo_z_365d,macro_liquidity_only,fred_macro_daily,90,official_quarterly,11,1.0,0.0,1.0,flat,0.25,0.0,cluster_074,False,below_sample_threshold; weak_ic
sol_research_20260506T062759Z,sol,macro_treasury_general_account,macro_liquidity_only,fred_macro_monthly,90,official_quarterly,11,1.0,-0.36363636363636365,0.24156658696897282,negative,1.0,0.0,cluster_076,False,below_sample_threshold
sol_research_20260506T062759Z,sol,macro_treasury_general_account_chg_7d,macro_liquidity_only,fred_macro_monthly,90,official_quarterly,11,1.0,0.02727272727272728,0.9347670869671734,positive,0.0,0.0,cluster_077,False,below_sample_threshold; weak_ic
sol_research_20260506T062759Z,sol,macro_treasury_general_account_chg_30d,macro_liquidity_only,fred_macro_monthly,90,official_quarterly,11,1.0,-0.43636363636363645,0.1456923471351472,negative,1.0,0.0,cluster_078,False,below_sample_threshold
sol_research_20260506T062759Z,sol,macro_treasury_general_account_chg_90d,macro_liquidity_only,fred_macro_monthly,90,official_quarterly,11,1.0,0.06363636363636364,0.848293052061898,positive,0.0,0.0,cluster_079,False,below_sample_threshold
sol_research_20260506T062759Z,sol,macro_treasury_general_account_z_365d,macro_liquidity_only,fred_macro_monthly,90,official_quarterly,11,1.0,0.09090909090909091,0.7841912294016191,positive,0.0,0.0,cluster_080,False,below_sample_threshold
sol_research_20260506T062759Z,sol,macro_trade_weighted_usd,dollar_rates_only,fred_macro_daily,90,official_quarterly,11,1.0,-0.10909090909090911,0.7419760360373884,negative,1.0,0.0,cluster_081,False,below_sample_threshold
sol_research_20260506T062759Z,sol,macro_trade_weighted_usd_chg_7d,dollar_rates_only,fred_macro_daily,90,official_quarterly,11,1.0,-0.3181818181818182,0.3139958405819969,negative,1.0,0.0,cluster_082,False,below_sample_threshold
sol_research_20260506T062759Z,sol,macro_trade_weighted_usd_chg_30d,dollar_rates_only,fred_macro_daily,90,official_quarterly,11,1.0,-0.13636363636363638,0.6796444772140986,negative,1.0,0.0,cluster_083,False,below_sample_threshold
sol_research_20260506T062759Z,sol,macro_trade_weighted_usd_chg_90d,dollar_rates_only,fred_macro_daily,90,official_quarterly,11,1.0,-0.4272727272727273,0.1562643808525401,negative,1.0,0.0,cluster_037,False,below_sample_threshold
sol_research_20260506T062759Z,sol,macro_trade_weighted_usd_z_365d,dollar_rates_only,fred_macro_daily,90,official_quarterly,11,1.0,-0.21818181818181823,0.5024091385671134,negative,1.0,0.0,cluster_062,False,below_sample_threshold
sol_research_20260506T062759Z,sol,macro_us_10y_2y_spread_calc,dollar_rates_only,fred_macro_daily,90,official_quarterly,11,1.0,-0.48181818181818187,0.09903468979475598,negative,1.0,0.0,cluster_053,False,below_sample_threshold
sol_research_20260506T062759Z,sol,macro_us_10y_2y_spread_calc_chg_30d,dollar_rates_only,fred_macro_daily,90,official_quarterly,11,1.0,0.22323520331332056,0.49205536783536863,positive,1.0,0.0,cluster_025,False,below_sample_threshold
sol_research_20260506T062759Z,sol,macro_us_10y_3m_spread_calc,dollar_rates_only,fred_macro_daily,90,official_quarterly,11,1.0,-0.5363636363636364,0.056580804401626016,negative,1.0,0.0,cluster_084,False,below_sample_threshold
sol_research_20260506T062759Z,sol,macro_us_10y_3m_spread_calc_chg_30d,dollar_rates_only,fred_macro_daily,90,official_quarterly,11,1.0,-0.3454545454545455,0.26944022765884346,negative,1.0,0.0,cluster_045,False,below_sample_threshold
sol_research_20260506T062759Z,sol,macro_fed_balance_sheet_ret_30d,macro_liquidity_only,fred_macro_monthly,90,official_quarterly,11,1.0,-0.13636363636363638,0.6796444772140986,negative,0.0,0.0,cluster_047,False,below_sample_threshold
sol_research_20260506T062759Z,sol,macro_fed_balance_sheet_ret_90d,macro_liquidity_only,fred_macro_monthly,90,official_quarterly,11,1.0,-0.45454545454545453,0.12578642463894005,negative,1.0,0.0,cluster_085,False,below_sample_threshold
sol_research_20260506T062759Z,sol,macro_fed_balance_sheet_z_365d,macro_liquidity_only,fred_macro_monthly,90,official_quarterly,11,1.0,-0.4090909090909091,0.178636279286317,negative,0.0,0.0,cluster_085,False,below_sample_threshold
sol_research_20260506T062759Z,sol,macro_m2_money_supply_ret_30d,macro_liquidity_only,fred_macro_monthly,90,official_quarterly,11,1.0,-0.46363636363636374,0.11645478176086954,negative,1.0,0.0,cluster_086,False,below_sample_threshold
sol_research_20260506T062759Z,sol,macro_m2_money_supply_ret_90d,macro_liquidity_only,fred_macro_monthly,90,official_quarterly,11,1.0,-0.43636363636363645,0.1456923471351472,negative,1.0,0.0,cluster_087,False,below_sample_threshold
sol_research_20260506T062759Z,sol,macro_m2_money_supply_z_365d,macro_liquidity_only,fred_macro_monthly,90,official_quarterly,11,1.0,-0.4090909090909091,0.178636279286317,negative,1.0,0.0,cluster_088,False,below_sample_threshold
sol_research_20260506T062759Z,sol,macro_treasury_general_account_ret_30d,macro_liquidity_only,fred_macro_monthly,90,official_quarterly,11,1.0,-0.4727272727272727,0.10753773434719319,negative,1.0,0.0,cluster_013,False,below_sample_threshold
sol_research_20260506T062759Z,sol,macro_treasury_general_account_ret_90d,macro_liquidity_only,fred_macro_monthly,90,official_quarterly,11,1.0,0.13636363636363638,0.6796444772140986,positive,0.0,0.0,cluster_079,False,below_sample_threshold
sol_research_20260506T062759Z,sol,sentiment_fear_greed,price_momentum_only,manual_csv,90,official_quarterly,11,1.0,0.086560589039859,0.7943546135045041,positive,1.0,0.0,cluster_089,False,below_sample_threshold
sol_research_20260506T062759Z,sol,sentiment_fear_greed_chg_7d,price_momentum_only,manual_csv,90,official_quarterly,11,1.0,0.14578625522502567,0.6584299272977112,positive,1.0,0.0,cluster_090,False,below_sample_threshold
sol_research_20260506T062759Z,sol,sentiment_fear_greed_chg_30d,price_momentum_only,manual_csv,90,official_quarterly,11,1.0,0.23636363636363636,0.46553129925510733,positive,1.0,0.0,cluster_091,False,below_sample_threshold
sol_research_20260506T062759Z,sol,sentiment_extreme_greed,price_momentum_only,manual_csv,90,official_quarterly,11,1.0,-0.20000000000000004,0.5402913746074198,negative,1.0,0.0,cluster_092,False,below_sample_threshold
sol_research_20260506T062759Z,sol,sentiment_extreme_fear,price_momentum_only,manual_csv,90,official_quarterly,11,1.0,-0.30000000000000004,0.3454475304692257,negative,1.0,0.0,cluster_093,False,below_sample_threshold
sol_research_20260506T062759Z,sol,sentiment_fear_greed_z_365d,price_momentum_only,manual_csv,90,official_quarterly,11,1.0,0.10909090909090911,0.7419760360373884,positive,1.0,0.0,cluster_020,False,below_sample_threshold
sol_research_20260506T062759Z,sol,cycle_days_since_halving,price_momentum_only,price,90,official_quarterly,11,1.0,0.13636363636363638,0.6796444772140986,positive,0.0,0.0,cluster_094,False,below_sample_threshold
sol_research_20260506T062759Z,sol,cycle_progress,price_momentum_only,price,90,official_quarterly,11,1.0,0.13636363636363638,0.6796444772140986,positive,0.0,0.0,cluster_094,False,below_sample_threshold
sol_research_20260506T062759Z,sol,cycle_sin_4y,price_momentum_only,price,90,official_quarterly,11,1.0,-0.23636363636363636,0.46553129925510733,negative,0.0,0.0,cluster_095,False,below_sample_threshold
sol_research_20260506T062759Z,sol,cycle_cos_4y,price_momentum_only,price,90,official_quarterly,11,1.0,0.3272727272727273,0.2987870228060358,positive,1.0,0.0,cluster_096,False,below_sample_threshold
sol_research_20260506T062759Z,sol,cycle_month_sin,price_momentum_only,price,90,official_quarterly,11,1.0,-0.05154614273559056,0.8769440849190335,negative,0.0,0.0,cluster_097,False,below_sample_threshold
sol_research_20260506T062759Z,sol,cycle_month_cos,price_momentum_only,price,90,official_quarterly,11,1.0,-0.22024260987025054,0.49817736313324734,negative,1.0,0.0,cluster_098,False,below_sample_threshold
sol_research_20260506T062759Z,sol,stablecoins_supply_log,stablecoins_only,stablecoins,90,official_quarterly,11,1.0,-0.5181818181818182,0.06912425079610535,negative,1.0,0.0,cluster_053,False,below_sample_threshold
sol_research_20260506T062759Z,sol,stablecoins_supply_chg_30d,stablecoins_only,stablecoins,90,official_quarterly,11,1.0,-0.4000000000000001,0.19043026382552408,negative,1.0,0.0,cluster_099,False,below_sample_threshold
sol_research_20260506T062759Z,sol,stablecoins_supply_chg_90d,stablecoins_only,stablecoins,90,official_quarterly,11,1.0,-0.5,0.08326451666355043,negative,1.0,0.0,cluster_001,False,below_sample_threshold
sol_research_20260506T062759Z,sol,stablecoins_supply_z_365d,stablecoins_only,stablecoins,90,official_quarterly,11,1.0,-0.5090909090909091,0.07599239808130939,negative,1.0,0.0,cluster_099,False,below_sample_threshold
sol_research_20260506T062759Z,sol,solana_ecosystem_stablecoin_supply_log,sol_ecosystem_only,solana_ecosystem,90,official_quarterly,11,1.0,-0.5363636363636364,0.056580804401626016,negative,1.0,0.0,cluster_053,False,below_sample_threshold
sol_research_20260506T062759Z,sol,solana_ecosystem_stablecoin_supply_chg_7d,sol_ecosystem_only,solana_ecosystem,90,official_quarterly,11,1.0,-0.46363636363636374,0.11645478176086954,negative,1.0,0.0,cluster_100,False,below_sample_threshold
sol_research_20260506T062759Z,sol,solana_ecosystem_stablecoin_supply_chg_30d,sol_ecosystem_only,solana_ecosystem,90,official_quarterly,11,1.0,-0.41818181818181827,0.16724657806258808,negative,1.0,0.0,cluster_101,False,below_sample_threshold
sol_research_20260506T062759Z,sol,solana_ecosystem_stablecoin_supply_chg_90d,sol_ecosystem_only,solana_ecosystem,90,official_quarterly,11,1.0,-0.44545454545454555,0.13553254566293554,negative,1.0,0.0,cluster_102,False,below_sample_threshold
sol_research_20260506T062759Z,sol,solana_ecosystem_stablecoin_supply_z_180d,sol_ecosystem_only,solana_ecosystem,90,official_quarterly,11,1.0,-0.30000000000000004,0.3454475304692257,negative,1.0,0.0,cluster_015,False,below_sample_threshold
sol_research_20260506T062759Z,sol,solana_ecosystem_tvl_log,sol_ecosystem_only,solana_ecosystem,90,official_quarterly,11,1.0,-0.5,0.08326451666355043,negative,1.0,0.0,cluster_087,False,below_sample_threshold
sol_research_20260506T062759Z,sol,solana_ecosystem_tvl_chg_7d,sol_ecosystem_only,solana_ecosystem,90,official_quarterly,11,1.0,0.4272727272727273,0.1562643808525401,positive,1.0,0.0,cluster_089,False,below_sample_threshold
sol_research_20260506T062759Z,sol,solana_ecosystem_tvl_chg_30d,sol_ecosystem_only,solana_ecosystem,90,official_quarterly,11,1.0,0.44545454545454555,0.13553254566293554,positive,1.0,0.0,cluster_004,False,below_sample_threshold
sol_research_20260506T062759Z,sol,solana_ecosystem_tvl_chg_90d,sol_ecosystem_only,solana_ecosystem,90,official_quarterly,11,1.0,0.009090909090909092,0.9782413103432446,positive,0.5,0.0,cluster_005,False,below_sample_threshold; weak_ic
sol_research_20260506T062759Z,sol,solana_ecosystem_tvl_z_180d,sol_ecosystem_only,solana_ecosystem,90,official_quarterly,11,1.0,0.20909090909090913,0.5212295558761975,positive,0.0,0.0,cluster_103,False,below_sample_threshold
sol_research_20260506T062759Z,sol,solana_ecosystem_dex_volume_log,sol_ecosystem_only,solana_ecosystem,90,official_quarterly,11,1.0,-0.6090909090909091,0.021224811171669303,negative,1.0,0.0,cluster_087,False,below_sample_threshold
sol_research_20260506T062759Z,sol,solana_ecosystem_dex_volume_chg_7d,sol_ecosystem_only,solana_ecosystem,90,official_quarterly,11,1.0,0.14545454545454548,0.6591737034876037,positive,1.0,0.0,cluster_104,False,below_sample_threshold
sol_research_20260506T062759Z,sol,solana_ecosystem_dex_volume_chg_30d,sol_ecosystem_only,solana_ecosystem,90,official_quarterly,11,1.0,0.29090909090909095,0.3616748397811141,positive,0.0,0.0,cluster_097,False,below_sample_threshold
sol_research_20260506T062759Z,sol,solana_ecosystem_dex_volume_chg_90d,sol_ecosystem_only,solana_ecosystem,90,official_quarterly,11,1.0,0.05454545454545456,0.8698253488445786,positive,0.0,0.0,cluster_105,False,below_sample_threshold
sol_research_20260506T062759Z,sol,solana_ecosystem_dex_volume_z_180d,sol_ecosystem_only,solana_ecosystem,90,official_quarterly,11,1.0,0.15454545454545454,0.638873528115321,positive,0.0,0.0,cluster_105,False,below_sample_threshold
sol_research_20260506T062759Z,sol,solana_ecosystem_fees_revenue_log,sol_ecosystem_only,solana_ecosystem,90,official_quarterly,11,1.0,-0.5090909090909091,0.07599239808130939,negative,1.0,0.0,cluster_087,False,below_sample_threshold
sol_research_20260506T062759Z,sol,solana_ecosystem_fees_revenue_chg_7d,sol_ecosystem_only,solana_ecosystem,90,official_quarterly,11,1.0,0.02727272727272728,0.9347670869671734,positive,1.0,0.0,cluster_106,False,below_sample_threshold; weak_ic
sol_research_20260506T062759Z,sol,solana_ecosystem_fees_revenue_chg_30d,sol_ecosystem_only,solana_ecosystem,90,official_quarterly,11,1.0,0.24545454545454545,0.4474929525190643,positive,1.0,0.0,cluster_019,False,below_sample_threshold
sol_research_20260506T062759Z,sol,solana_ecosystem_fees_revenue_chg_90d,sol_ecosystem_only,solana_ecosystem,90,official_quarterly,11,1.0,0.21818181818181823,0.5024091385671134,positive,1.0,0.0,cluster_020,False,below_sample_threshold
sol_research_20260506T062759Z,sol,solana_ecosystem_fees_revenue_z_180d,sol_ecosystem_only,solana_ecosystem,90,official_quarterly,11,1.0,0.19090909090909092,0.5595847522656794,positive,1.0,0.0,cluster_096,False,below_sample_threshold
